shipment_id,customer_id,origin_city,destination_city,status,booked_date,estimated_delivery_date,chargeable_weight_kg,total_amount,delivered_date
SHP100644,3,Padang,Denpasar,in transit,2024-05-16,2024-05-24,17,100998,
SHP100629,1,Semarang,Balikpapan,In-Transit,2024-05-04,2024/05/13,10,63356,
SHP100070,5,Medan,Jakarta,Delivered,2024/02/26,2024-03-06,7,62648,2024/03/05
SHP100962,5,Medan,Balikpapan,DELIVERED,2024/01/21,2024/01/26,15,117592,2024-01-24
SHP100787,13,Bandung,Denpasar,DELIVERED,2024-05-05,2024-05-08,10,84344,2024-05-06
SHP100706,13,Medan,Padang,Delivered,2024-03-20,2024-03-23,15,125458,2024/03/22
SHP100308,6,Manado,Makassar,Delivered,2024-06-08,2024/06/13,1,21098,2024/06/12
SHP100999,14,Batam,Pontianak,Delivered,2024-02-11,2024-02-13,13,68735,2024/02/18
SHP100336,8,Banjarmasin,Denpasar,Delivered,2024/02/04,2024/02/09,5,49116,2024-02-14
SHP100321,11,Palembang,Batam,DELIVERED,2024-03-13,2024-03-17,13,105216,2024/03/17
SHP100107,8,Bandung,Padang,DELIVERED,2024-02-15,2024-02-17,12,105257,2024/02/19
SHP100139,15,Batam,Makassar,Cancelled,2024-02-02,2024/02/10,20,102436,
SHP100572,12,Semarang,Jakarta,Delivered,2024/05/20,2024-05-27,10,69508,2024/05/26
SHP100993,10,Banjarmasin,Yogyakarta,Delivered,2024/03/30,2024/04/04,16,125930,2024-04-06
SHP100208,13,Denpasar,Banjarmasin,DELIVERED,2024-01-16,2024-01-20,6,47499,2024/01/24
SHP100244,3,Banjarmasin,Jakarta,Cancelled,2024-03-08,2024-03-17,11,91995,
SHP100552,4,Balikpapan,Medan,Delivered,2024-02-15,2024-02-22,20,127477,2024-02-23
SHP100101,10,Palembang,Batam,Delivered,2024-04-21,2024/04/29,7,63144,2024/05/01
SHP100739,1,Surabaya,Jakarta,DELIVERED,2024-04-02,2024-04-08,4,44076,2024-04-12
SHP100286,1,Makassar,Batam,Delivered,2024/04/17,2024-04-24,9,64739,2024-04-22
SHP100318,3,Padang,Balikpapan,DELIVERED,2024-01-18,2024/01/22,14,82331,2024/01/22
SHP100467,3,Balikpapan,Batam,DELIVERED,2024-04-20,2024/04/26,13,75384,2024/04/28
SHP100051,7,Batam,Yogyakarta,DELIVERED,2024/03/21,2024/03/26,11,101705,2024/03/30
SHP100453,13,Palembang,Yogyakarta,Delivered,2024/01/30,2024-02-09,2,26343,2024-02-09
SHP100858,12,Manado,Denpasar,DELIVERED,2024/04/30,2024-05-06,9,67075,2024/05/10
SHP100539,15,Denpasar,Padang,Cancelled,2024-02-19,2024/02/28,19,102488,
SHP100527,10,Semarang,Padang,DELIVERED,2024/02/20,2024-02-25,5,43699,2024/03/01
SHP100604,7,Surabaya,Manado,DELIVERED,2024/04/16,2024/04/22,4,37557,2024-04-21
SHP100570,15,Yogyakarta,Makassar,In Transit,2024-05-09,2024-05-18,7,48160,
SHP100547,12,Denpasar,Medan,DELIVERED,2024-06-25,2024-06-27,20,117725,2024/06/30
SHP100734,9,Manado,Balikpapan,DELIVERED,2024-01-04,2024/01/13,19,150962,2024/01/17
SHP100490,1,Denpasar,Semarang,Pending,2024/06/22,2024/06/24,8,47434,
SHP100109,7,Balikpapan,Denpasar,Pending,2024-01-28,2024/01/30,1,20222,
SHP100917,12,Semarang,Makassar,Pending,2024/06/01,2024-06-06,6,59145,
SHP100655,12,Yogyakarta,Palembang,In Transit,2024/04/28,2024/05/07,20,157469,
SHP100601,5,Pontianak,Yogyakarta,DELIVERED,2024/06/29,2024/07/07,9,56263,2024/07/07
SHP100660,2,Batam,Padang,Delivered,2024/03/24,2024-03-29,11,64513,2024-03-27
SHP100031,12,Jakarta,Medan,Delivered,2024/03/03,2024/03/08,9,63948,2024-03-07
SHP100777,5,Makassar,Medan,DELIVERED,2024-06-01,2024/06/07,17,107579,2024/06/10
SHP100884,3,Yogyakarta,Padang,In-Transit,2024/06/04,2024-06-05,20,150335,
SHP100516,3,Denpasar,Padang,DELIVERED,2024/03/13,2024-03-14,16,106300,2024/03/14
SHP100481,7,Balikpapan,Surabaya,in transit,2024-04-13,2024/04/20,14,85288,
SHP100696,2,Pontianak,Bandung,Delivered,2024/04/04,2024-04-05,9,68134,2024-04-05
SHP100602,6,Banjarmasin,Semarang,Pending,2024/02/24,2024-03-05,4,45548,
SHP100477,8,Semarang,Surabaya,DELIVERED,2024/03/20,2024/03/22,11,61279,2024-03-21
SHP100790,2,Denpasar,Yogyakarta,Cancelled,2024/06/25,2024/06/30,10,66898,
SHP100514,14,Banjarmasin,Manado,Delivered,2024-06-17,2024/06/26,3,31920,2024/06/26
SHP100174,15,Batam,Denpasar,DELIVERED,2024-01-16,2024/01/25,9,74187,2024-01-24
SHP100961,11,Jakarta,Medan,Delivered,2024/04/22,2024/04/28,15,84846,2024-04-28
SHP100549,12,Batam,Balikpapan,Delivered,2024-01-28,2024-02-07,15,77633,2024-02-06
SHP100817,1,Medan,Semarang,Delivered,2024/03/19,2024-03-21,2,25901,2024-03-19
SHP100327,3,Denpasar,Palembang,Pending,2024/06/05,2024-06-09,18,88184,
SHP100761,10,Manado,Padang,DELIVERED,2024/04/28,2024/04/30,9,55336,2024-04-29
SHP100978,7,Banjarmasin,Batam,DELIVERED,2024-05-27,2024/06/04,18,105635,2024-06-04
SHP100755,7,Balikpapan,Banjarmasin,In-Transit,2024-03-23,2024-03-29,9,64627,
SHP100215,10,Bandung,Manado,DELIVERED,2024/05/17,2024/05/22,5,47049,2024-05-22
SHP100334,7,Yogyakarta,Padang,DELIVERED,2024/06/18,2024-06-21,9,56130,2024/06/21
SHP100423,8,Pontianak,Makassar,Pending,2024/01/07,2024-01-13,16,88553,
SHP100667,11,Surabaya,Denpasar,DELIVERED,2024/04/17,2024/04/19,1,18371,2024-04-24
SHP100367,3,Makassar,Denpasar,Delivered,2024-05-21,2024/05/26,19,136804,2024-05-25
SHP100290,2,Medan,Manado,DELIVERED,2024-05-13,2024/05/15,5,35493,2024-05-14
SHP100800,7,Balikpapan,Makassar,Delivered,2024/06/26,2024-06-30,15,121852,2024-06-28
SHP100465,7,Medan,Batam,Cancelled,2024-02-20,2024/02/25,16,82737,
SHP100086,8,Manado,Pontianak,Delivered,2024-06-01,2024/06/08,4,40834,2024/06/07
SHP100749,12,Semarang,Banjarmasin,DELIVERED,2024/05/17,2024/05/21,17,137058,2024-05-20
SHP100280,2,Manado,Medan,in transit,2024-03-04,2024/03/13,11,76745,
SHP100088,2,Manado,Balikpapan,Delivered,2024-05-15,2024-05-21,16,109623,2024/05/21
SHP100381,4,Palembang,Jakarta,DELIVERED,2024-02-07,2024-02-10,2,24687,2024/02/08
SHP100677,13,Palembang,Makassar,DELIVERED,2024-01-18,2024/01/20,13,79078,2024-01-20
SHP100447,6,Pontianak,Surabaya,Delivered,2024-04-21,2024-04-23,7,62928,2024-04-27
SHP100883,3,Denpasar,Batam,Cancelled,2024-04-16,2024-04-21,15,107342,
SHP100436,3,Balikpapan,Batam,DELIVERED,2024-05-17,2024/05/22,5,40794,2024-05-21
SHP100059,9,Jakarta,Semarang,In-Transit,2024-03-08,2024-03-17,15,107828,
SHP100970,13,Balikpapan,Padang,DELIVERED,2024-01-24,2024-02-02,8,52565,2024-02-02
SHP100273,1,Palembang,Balikpapan,Delivered,2024-06-01,2024-06-02,8,65972,2024-06-01
SHP100439,1,Balikpapan,Bandung,Delivered,2024-01-30,2024/02/05,1,21152,2024/02/04
SHP100867,6,Padang,Surabaya,Delivered,2024/01/17,2024-01-20,16,111422,2024-01-23
SHP100331,9,Batam,Padang,Delivered,2024-06-19,2024-06-20,20,117819,2024-06-23
SHP100023,8,Jakarta,Makassar,Delivered,2024-06-28,2024-07-08,9,53847,2024-07-12
SHP100280,2,Manado,Medan,in transit,2024-03-04,2024/03/13,11,76745,
SHP100782,15,Denpasar,Medan,in transit,2024/05/12,2024/05/16,12,75838,
SHP100482,2,Banjarmasin,Padang,DELIVERED,2024/06/27,2024/07/05,1,19669,2024-07-05
SHP100445,14,Batam,Manado,Delivered,2024-01-28,2024-02-05,8,71667,2024-02-04
SHP100479,15,Yogyakarta,Denpasar,Delivered,2024/04/14,2024/04/18,3,30353,2024-04-18
SHP100218,9,Palembang,Pontianak,Delivered,2024-04-18,2024/04/28,9,77373,2024-04-27
SHP100344,15,Banjarmasin,Bandung,Delivered,2024/06/03,2024/06/13,11,72729,2024-06-18
SHP100113,8,Makassar,Padang,DELIVERED,2024/05/09,2024-05-12,13,90184,2024/05/11
SHP100633,7,Jakarta,Surabaya,DELIVERED,2024/05/04,2024-05-13,17,127262,2024/05/11
SHP100966,6,Pontianak,Makassar,Cancelled,2024-03-23,2024/03/26,5,50226,
SHP100925,6,Surabaya,Batam,Delivered,2024-06-28,2024-06-29,12,93777,2024-06-28
SHP100054,3,Batam,Manado,Delivered,2024/05/07,2024-05-14,1,22265,2024-05-14
SHP100628,4,Banjarmasin,Pontianak,Delivered,2024-02-26,2024-03-07,14,78415,2024/03/09
SHP100535,1,Palembang,Medan,Pending,2024/04/26,2024/05/03,1,23093,
SHP100890,1,Surabaya,Bandung,Pending,2024/04/25,2024/04/30,8,76581,
SHP100184,11,Surabaya,Manado,in transit,2024/05/04,2024-05-09,20,136716,
SHP100352,4,Surabaya,Padang,Delivered,2024-05-05,2024/05/14,15,125582,2024/05/18
SHP100049,3,Bandung,Jakarta,in transit,2024/02/24,2024/02/27,10,58736,
SHP100141,3,Banjarmasin,Pontianak,DELIVERED,2024/05/01,2024-05-06,15,116636,2024/05/05
SHP100198,4,Banjarmasin,Bandung,DELIVERED,2024/04/20,2024-04-25,8,61071,2024-04-23
SHP100192,3,Yogyakarta,Balikpapan,In-Transit,2024/05/01,2024/05/07,10,66270,
SHP100076,7,Padang,Makassar,Cancelled,2024-01-29,2024/02/08,14,74298,
SHP100893,15,Makassar,Pontianak,Pending,2024/05/30,2024/06/06,11,82289,
SHP100010,3,Padang,Jakarta,In Transit,2024/02/29,2024-03-05,18,109797,
SHP100533,10,Yogyakarta,Pontianak,In Transit,2024/06/05,2024/06/08,14,116544,
SHP100982,5,Pontianak,Manado,Pending,2024-05-12,2024/05/14,8,73932,
SHP100694,10,Makassar,Bandung,DELIVERED,2024-06-28,2024-07-07,1,21076,2024/07/05
SHP100841,3,Jakarta,Bandung,Delivered,2024/03/18,2024-03-27,3,35712,2024-03-30
SHP100554,13,Semarang,Batam,Delivered,2024-05-12,2024-05-17,10,89704,2024/05/17
SHP100405,8,Surabaya,Padang,In Transit,2024-03-26,2024/04/01,19,165046,
SHP100758,15,Bandung,Denpasar,DELIVERED,2024/03/12,2024-03-21,13,80127,2024-03-25
SHP100299,8,Balikpapan,Surabaya,Pending,2024/02/03,2024-02-11,3,32475,
SHP100398,1,Bandung,Palembang,Delivered,2024-02-09,2024-02-11,20,156039,2024/02/11
SHP100096,15,Semarang,Surabaya,In Transit,2024/03/09,2024/03/15,13,77906,
SHP100083,1,Bandung,Medan,Cancelled,2024/01/17,2024-01-23,18,152251,
SHP100440,1,Jakarta,Balikpapan,Delivered,2024-03-07,2024/03/09,19,161550,2024/03/11
SHP100475,8,Palembang,Balikpapan,Delivered,2024/03/17,2024-03-20,17,104177,2024/03/18
SHP100976,1,Balikpapan,Semarang,Delivered,2024/06/21,2024-07-01,5,53633,2024-06-30
SHP100427,5,Pontianak,Medan,Delivered,2024/03/25,2024-04-04,9,60533,2024-04-09
SHP100462,15,Batam,Banjarmasin,Delivered,2024-05-17,2024-05-22,17,97961,2024-05-22
SHP100178,5,Batam,Bandung,DELIVERED,2024-03-25,2024-03-31,15,116226,2024-03-29
SHP100809,2,Medan,Padang,Delivered,2024-03-29,2024-04-03,19,129734,2024/04/05
SHP100305,5,Batam,Pontianak,DELIVERED,2024-01-19,2024-01-25,9,61672,2024/01/24
SHP100158,2,Semarang,Manado,DELIVERED,2024-05-12,2024-05-14,11,72821,2024-05-14
SHP100670,3,Padang,Medan,DELIVERED,2024/04/30,2024-05-09,18,97155,2024/05/07
SHP100943,15,Batam,Balikpapan,DELIVERED,2024-01-19,2024-01-23,18,117920,2024-01-27
SHP100237,9,Makassar,Medan,DELIVERED,2024-02-24,2024/03/01,12,97111,2024/03/03
SHP100828,12,Semarang,Surabaya,DELIVERED,2024-02-25,2024/02/26,17,147575,2024-02-27
SHP100501,9,Palembang,Yogyakarta,In-Transit,2024/04/20,2024/04/30,12,72291,
SHP100243,9,Medan,Semarang,DELIVERED,2024-04-09,2024/04/16,16,104490,2024-04-20
SHP100231,12,Manado,Banjarmasin,DELIVERED,2024-01-24,2024-02-02,10,81172,2024-02-01
SHP100873,13,Padang,Surabaya,DELIVERED,2024-06-24,2024/06/28,8,48046,2024-07-01
SHP100932,13,Batam,Semarang,DELIVERED,2024/05/30,2024-06-06,8,76478,2024/06/06
SHP100078,13,Palembang,Batam,Pending,2024/06/09,2024-06-12,12,68866,
SHP100913,4,Jakarta,Palembang,DELIVERED,2024/01/01,2024-01-03,19,168477,2024/01/01
SHP100631,14,Batam,Banjarmasin,in transit,2024-03-10,2024-03-18,16,126244,
SHP100292,12,Medan,Bandung,Cancelled,2024-03-07,2024-03-17,11,84868,
SHP100581,15,Balikpapan,Banjarmasin,DELIVERED,2024-05-13,2024-05-22,15,113391,2024-05-25
SHP100493,6,Palembang,Balikpapan,Delivered,2024/05/25,2024-05-28,5,36741,2024/05/31
SHP100039,11,Bandung,Padang,Delivered,2024/02/26,2024-03-02,13,89047,2024/03/05
SHP100030,1,Denpasar,Palembang,In-Transit,2024-05-16,2024/05/19,19,158374,
SHP100757,14,Pontianak,Makassar,DELIVERED,2024/01/23,2024/01/25,19,165923,2024-01-23
SHP100136,12,Batam,Balikpapan,DELIVERED,2024/01/18,2024/01/25,4,30282,2024/01/26
SHP100054,3,Batam,Manado,Delivered,2024/05/07,2024-05-14,1,22265,2024-05-14
SHP100260,8,Palembang,Surabaya,DELIVERED,2024-03-21,2024/03/29,6,57979,2024-03-31
SHP100585,1,Jakarta,Makassar,Delivered,2024-03-11,2024-03-17,20,149771,2024/03/17
SHP100527,10,Semarang,Padang,DELIVERED,2024/02/20,2024-02-25,5,43699,2024/03/01
SHP100589,15,Denpasar,Bandung,Delivered,2024-03-01,2024-03-04,3,31245,2024-03-05
SHP100786,7,Palembang,Bandung,Delivered,2024-04-14,2024-04-20,11,65060,2024/04/18
SHP100003,15,Pontianak,Denpasar,DELIVERED,2024-06-29,2024/07/04,4,36779,2024-07-02
SHP100296,4,Padang,Semarang,DELIVERED,2024-03-02,2024/03/08,8,66948,2024/03/08
SHP100265,1,Padang,Pontianak,in transit,2024-05-08,2024/05/18,19,148334,
SHP100247,8,Banjarmasin,Jakarta,DELIVERED,2024/04/18,2024/04/25,11,91345,2024/04/25
SHP100992,10,Pontianak,Surabaya,in transit,2024-04-30,2024-05-05,6,58988,
SHP100723,1,Padang,Pontianak,DELIVERED,2024-05-24,2024-05-27,6,39369,2024-05-30
SHP100342,2,Padang,Manado,Delivered,2024-03-10,2024-03-16,4,36517,2024-03-16
SHP100903,10,Padang,Yogyakarta,In-Transit,2024-02-24,2024-02-29,8,53196,
SHP100058,5,Semarang,Batam,in transit,2024-02-06,2024/02/14,4,33654,
SHP100063,9,Banjarmasin,Makassar,DELIVERED,2024-05-17,2024/05/27,19,141600,2024-05-28
SHP100664,1,Denpasar,Bandung,Pending,2024/03/27,2024/04/06,11,96394,
SHP100328,4,Jakarta,Padang,Delivered,2024-06-16,2024-06-22,1,18471,2024-06-24
SHP100100,2,Medan,Pontianak,in transit,2024-03-16,2024-03-19,8,76380,
SHP100497,7,Padang,Medan,Delivered,2024/01/01,2024/01/06,13,78420,2024/01/08
SHP100721,4,Bandung,Yogyakarta,DELIVERED,2024-06-02,2024/06/05,1,18896,2024-06-04
SHP100210,11,Bandung,Jakarta,DELIVERED,2024/03/27,2024/04/06,9,71820,2024-04-10
SHP100362,7,Banjarmasin,Jakarta,Delivered,2024-02-03,2024/02/12,20,127645,2024-02-12
SHP100750,13,Semarang,Medan,DELIVERED,2024/05/03,2024-05-13,10,90268,2024/05/12
SHP100604,7,Surabaya,Manado,DELIVERED,2024/04/16,2024/04/22,4,37557,2024-04-21
SHP100168,6,Banjarmasin,Manado,DELIVERED,2024-02-28,2024-03-04,1,19785,2024-03-03
SHP100289,14,Semarang,Pontianak,Delivered,2024/05/24,2024-05-31,4,34188,2024/05/30
SHP100971,1,Padang,Bandung,In-Transit,2024/02/28,2024/03/01,1,21720,
SHP100199,14,Padang,Medan,Delivered,2024/03/31,2024/04/01,8,74475,2024/03/31
SHP100066,2,Surabaya,Bandung,in transit,2024/04/19,2024/04/21,10,72354,
SHP100902,12,Denpasar,Balikpapan,DELIVERED,2024/06/09,2024/06/18,4,37052,2024/06/18
SHP100067,10,Jakarta,Denpasar,DELIVERED,2024/05/29,2024/06/03,17,114855,2024-06-02
SHP100429,1,Manado,Semarang,DELIVERED,2024/01/18,2024/01/27,11,58619,2024/01/27
SHP100012,11,Palembang,Pontianak,DELIVERED,2024/04/07,2024-04-09,11,61709,2024-04-14
SHP100319,4,Bandung,Padang,Delivered,2024/03/03,2024/03/06,17,94264,2024/03/06
SHP100914,10,Yogyakarta,Medan,Pending,2024-04-14,2024/04/16,12,64798,
SHP100449,12,Medan,Semarang,Delivered,2024-03-21,2024/03/30,1,19727,2024-03-28
SHP100622,5,Bandung,Manado,in transit,2024-03-17,2024/03/18,19,98401,
SHP100595,13,Batam,Banjarmasin,Delivered,2024-02-05,2024-02-07,15,129984,2024-02-07
SHP100697,3,Surabaya,Pontianak,In Transit,2024-02-12,2024-02-18,18,133075,
SHP100307,2,Pontianak,Batam,Delivered,2024-04-27,2024/05/04,19,152024,2024-05-09
SHP100404,8,Yogyakarta,Jakarta,DELIVERED,2024-02-15,2024/02/22,6,44170,2024-02-22
SHP100346,10,Palembang,Yogyakarta,in transit,2024-03-28,2024/03/29,3,29794,
SHP100922,9,Makassar,Palembang,In Transit,2024-03-14,2024/03/22,10,62323,
SHP100256,8,Batam,Pontianak,Delivered,2024-01-15,2024-01-22,11,73178,2024-01-20
SHP100716,9,Makassar,Yogyakarta,Delivered,2024-03-03,2024-03-06,1,20110,2024-03-05
SHP100673,8,Bandung,Jakarta,Cancelled,2024-01-14,2024-01-19,18,155901,
SHP100361,11,Makassar,Yogyakarta,Delivered,2024-03-26,2024/04/03,18,129158,2024/04/03
SHP100235,1,Denpasar,Medan,DELIVERED,2024/05/04,2024-05-12,6,40367,2024-05-15
SHP100518,15,Manado,Surabaya,In-Transit,2024/06/18,2024/06/25,19,166816,
SHP100002,13,Pontianak,Banjarmasin,in transit,2024-02-19,2024-02-27,15,92385,
SHP100657,4,Palembang,Batam,Delivered,2024/01/13,2024/01/16,1,22392,2024-01-15
SHP100548,12,Surabaya,Medan,Pending,2024-01-02,2024/01/08,7,50633,
SHP100740,14,Jakarta,Balikpapan,Delivered,2024/06/11,2024/06/21,12,94832,2024-06-21
SHP100799,6,Banjarmasin,Denpasar,In Transit,2024-04-13,2024-04-18,7,51295,
SHP100588,1,Medan,Pontianak,Delivered,2024/03/14,2024/03/16,20,151916,2024/03/20
SHP100306,4,Medan,Makassar,Pending,2024/01/03,2024-01-04,2,28208,
SHP100499,3,Medan,Palembang,Pending,2024/03/14,2024-03-21,3,30619,
SHP100823,9,Semarang,Banjarmasin,DELIVERED,2024-01-31,2024-02-10,15,122409,2024-02-09
SHP100877,6,Manado,Medan,Delivered,2024-05-24,2024-05-30,17,84873,2024/05/31
SHP100370,6,Manado,Padang,In Transit,2024/05/23,2024/05/24,14,102102,
SHP100394,3,Jakarta,Denpasar,Delivered,2024/03/31,2024-04-09,8,52963,2024/04/09
SHP100298,11,Jakarta,Manado,Delivered,2024/04/11,2024/04/19,5,44769,2024/04/20
SHP100613,14,Pontianak,Jakarta,Delivered,2024-04-09,2024/04/19,13,101656,2024/04/19
SHP100827,6,Palembang,Denpasar,DELIVERED,2024/02/19,2024-02-26,7,62533,2024/02/26
SHP100294,6,Medan,Banjarmasin,in transit,2024-06-20,2024/06/25,8,52959,
SHP100576,5,Jakarta,Medan,In Transit,2024/04/25,2024-05-01,2,23629,
SHP100486,2,Pontianak,Padang,Cancelled,2024-02-19,2024-02-24,19,119614,
SHP100833,6,Balikpapan,Semarang,Pending,2024/06/01,2024-06-08,3,33780,
SHP100312,1,Bandung,Surabaya,Delivered,2024/05/17,2024/05/19,20,100126,2024-05-17
SHP100458,3,Padang,Palembang,Cancelled,2024-01-12,2024-01-22,6,58706,
SHP100652,7,Palembang,Jakarta,DELIVERED,2024-06-13,2024/06/21,7,46739,2024-06-19
SHP100351,9,Surabaya,Palembang,DELIVERED,2024-05-09,2024-05-16,7,65319,2024/05/15
SHP100530,13,Jakarta,Makassar,In-Transit,2024-01-12,2024/01/13,6,41329,
SHP100896,6,Makassar,Denpasar,Pending,2024-05-25,2024/06/01,2,27294,
SHP100947,8,Padang,Balikpapan,Cancelled,2024/06/01,2024-06-11,17,95725,
SHP100936,14,Surabaya,Denpasar,Delivered,2024-01-30,2024/01/31,10,63417,2024-01-29
SHP100106,15,Pontianak,Makassar,DELIVERED,2024-05-08,2024/05/14,12,95984,2024-05-12
SHP100590,2,Jakarta,Banjarmasin,DELIVERED,2024/03/10,2024/03/15,15,117997,2024/03/19
SHP100055,5,Bandung,Palembang,Delivered,2024-04-11,2024-04-19,12,100129,2024/04/19
SHP100213,12,Batam,Palembang,DELIVERED,2024-02-19,2024-02-21,17,85856,2024-02-25
SHP100120,10,Semarang,Balikpapan,DELIVERED,2024-05-15,2024-05-25,13,74656,2024/05/24
SHP100494,7,Padang,Surabaya,Cancelled,2024/03/18,2024/03/28,16,127142,
SHP100025,14,Padang,Batam,Delivered,2024/06/14,2024/06/22,5,48988,2024-06-21
SHP100072,4,Palembang,Surabaya,Delivered,2024-05-10,2024-05-11,3,36555,2024-05-09
SHP100355,2,Semarang,Medan,In Transit,2024/01/24,2024/02/01,5,36456,
SHP100044,15,Padang,Banjarmasin,Pending,2024-01-09,2024-01-11,12,79885,
SHP100587,10,Jakarta,Semarang,DELIVERED,2024-01-20,2024/01/24,19,148680,2024/01/22
SHP100737,14,Jakarta,Bandung,In-Transit,2024/01/28,2024/02/05,5,43622,
SHP100333,8,Semarang,Palembang,Delivered,2024/03/17,2024/03/20,11,70886,2024/03/25
SHP100448,3,Palembang,Manado,DELIVERED,2024-03-29,2024-04-04,6,55091,2024/04/09
SHP100359,5,Manado,Banjarmasin,Delivered,2024-01-12,2024/01/22,20,155162,2024/01/20
SHP100542,12,Balikpapan,Padang,Delivered,2024/05/06,2024-05-13,15,90079,2024-05-11
SHP100425,11,Denpasar,Jakarta,DELIVERED,2024-02-19,2024/02/28,10,86129,2024-02-28
SHP100525,3,Banjarmasin,Jakarta,DELIVERED,2024/03/20,2024/03/23,12,106079,2024/03/22
SHP100277,1,Denpasar,Banjarmasin,Delivered,2024-04-13,2024/04/15,4,46614,2024/04/19
SHP100864,9,Surabaya,Denpasar,DELIVERED,2024/03/05,2024/03/08,8,53377,2024/03/07
SHP100451,5,Batam,Semarang,In-Transit,2024-06-04,2024/06/06,7,70308,
SHP100420,13,Yogyakarta,Jakarta,Delivered,2024-03-19,2024-03-21,16,136202,2024/03/19
SHP100718,3,Semarang,Bandung,Delivered,2024/06/27,2024-07-04,14,116560,2024/07/04
SHP100737,14,Jakarta,Bandung,In-Transit,2024/01/28,2024/02/05,5,43622,
SHP100741,4,Banjarmasin,Palembang,Delivered,2024-04-27,2024-05-05,10,65616,2024-05-03
SHP100889,9,Palembang,Banjarmasin,Delivered,2024-04-07,2024-04-13,14,101925,2024-04-17
SHP100209,7,Pontianak,Manado,DELIVERED,2024/04/13,2024/04/17,15,118710,2024-04-20
SHP100377,8,Balikpapan,Palembang,Delivered,2024/01/10,2024-01-12,3,35813,2024/01/17
SHP100059,9,Jakarta,Semarang,In-Transit,2024-03-08,2024-03-17,15,107828,
SHP100915,8,Balikpapan,Medan,Delivered,2024-04-25,2024/05/01,7,68898,2024-04-29
SHP100722,2,Makassar,Palembang,Pending,2024/01/31,2024/02/10,6,57213,
SHP100507,9,Padang,Semarang,Delivered,2024-04-23,2024/04/25,12,77774,2024-04-24
SHP100060,7,Palembang,Makassar,Cancelled,2024-02-05,2024/02/08,9,68225,
SHP100371,8,Banjarmasin,Batam,DELIVERED,2024-01-03,2024-01-11,14,108731,2024-01-14
SHP100543,5,Medan,Palembang,Delivered,2024-04-12,2024-04-13,7,66028,2024-04-12
SHP100092,10,Yogyakarta,Banjarmasin,Cancelled,2024/06/23,2024-06-30,11,92447,
SHP100665,13,Batam,Banjarmasin,In Transit,2024/04/07,2024-04-08,18,154261,
SHP100824,13,Bandung,Balikpapan,Delivered,2024-05-17,2024/05/21,13,82850,2024-05-24
SHP100996,5,Denpasar,Surabaya,Delivered,2024-03-23,2024/03/29,11,61656,2024/04/02
SHP100275,1,Surabaya,Balikpapan,In-Transit,2024-06-21,2024-06-26,10,64885,
SHP100752,3,Banjarmasin,Jakarta,Delivered,2024-04-21,2024/04/26,16,137306,2024/04/26
SHP100309,6,Surabaya,Manado,DELIVERED,2024-05-24,2024-05-28,7,46229,2024-05-30
SHP100182,14,Balikpapan,Yogyakarta,In-Transit,2024-03-12,2024/03/17,9,82749,
SHP100820,1,Yogyakarta,Surabaya,DELIVERED,2024/01/31,2024/02/09,1,23327,2024-02-14
SHP100557,15,Bandung,Semarang,DELIVERED,2024-05-22,2024-05-23,10,85787,2024/05/23
SHP100110,12,Surabaya,Palembang,DELIVERED,2024-06-09,2024/06/18,4,44199,2024/06/22
SHP100428,14,Makassar,Balikpapan,In Transit,2024-03-12,2024/03/21,17,98061,
SHP100852,15,Denpasar,Padang,DELIVERED,2024-06-12,2024-06-18,9,83912,2024-06-16
SHP100605,3,Manado,Denpasar,Delivered,2024-04-14,2024/04/20,1,20688,2024-04-20
SHP100969,1,Pontianak,Surabaya,Delivered,2024/01/07,2024-01-14,1,21269,2024-01-12
SHP100666,3,Makassar,Bandung,DELIVERED,2024-03-12,2024-03-18,3,36881,2024-03-17
SHP100323,3,Medan,Pontianak,in transit,2024-04-22,2024-05-01,20,123245,
SHP100261,9,Batam,Medan,Delivered,2024-01-15,2024-01-16,18,142091,2024/01/16
SHP100974,3,Yogyakarta,Makassar,Delivered,2024-05-30,2024/06/07,3,32583,2024/06/06
SHP100139,15,Batam,Makassar,Cancelled,2024-02-02,2024/02/10,20,102436,
SHP100528,15,Yogyakarta,Jakarta,DELIVERED,2024/02/07,2024/02/13,12,108682,2024-02-13
SHP100813,6,Makassar,Jakarta,DELIVERED,2024/03/31,2024/04/07,15,113334,2024-04-06
SHP100137,8,Denpasar,Bandung,DELIVERED,2024/05/16,2024-05-18,6,62123,2024/05/18
SHP100538,6,Batam,Padang,DELIVERED,2024-05-27,2024-06-05,9,53292,2024/06/03
SHP100835,11,Batam,Makassar,Delivered,2024/01/26,2024-01-28,17,130402,2024-01-30
SHP100380,8,Palembang,Pontianak,Delivered,2024-05-21,2024/05/31,4,38016,2024-05-29
SHP100620,14,Surabaya,Batam,In Transit,2024/01/02,2024-01-10,9,75916,
SHP100599,7,Yogyakarta,Medan,in transit,2024-06-26,2024-07-06,16,104518,
SHP100029,5,Manado,Denpasar,Delivered,2024-02-13,2024-02-22,11,84647,2024-02-22
SHP100165,3,Bandung,Palembang,in transit,2024/01/06,2024-01-09,9,72899,
SHP100248,11,Banjarmasin,Semarang,DELIVERED,2024-06-27,2024-06-28,12,66464,2024/06/26
SHP100350,10,Padang,Makassar,DELIVERED,2024/03/08,2024-03-11,13,98537,2024/03/10
SHP100332,1,Palembang,Manado,Delivered,2024-05-21,2024/05/26,10,62932,2024/05/26
SHP100859,14,Palembang,Yogyakarta,Delivered,2024-05-02,2024-05-05,13,87652,2024-05-05
SHP100756,12,Pontianak,Makassar,Delivered,2024/03/03,2024-03-12,6,54001,2024/03/12
SHP100365,3,Surabaya,Medan,In-Transit,2024-02-11,2024/02/12,9,57332,
SHP100626,5,Jakarta,Banjarmasin,DELIVERED,2024/05/19,2024/05/21,9,65701,2024-05-19
SHP100346,10,Palembang,Yogyakarta,in transit,2024-03-28,2024/03/29,3,29794,
SHP100065,14,Balikpapan,Manado,DELIVERED,2024/05/29,2024-06-01,5,37846,2024/05/30
SHP100792,12,Yogyakarta,Pontianak,Cancelled,2024-06-14,2024-06-17,19,150349,
SHP100923,4,Yogyakarta,Pontianak,DELIVERED,2024/06/29,2024/07/05,5,44635,2024-07-04
SHP100254,10,Surabaya,Banjarmasin,Delivered,2024/03/16,2024/03/21,16,86806,2024-03-20
SHP100743,6,Palembang,Banjarmasin,Delivered,2024-04-21,2024-04-26,13,114722,2024-04-25
SHP100070,5,Medan,Jakarta,Delivered,2024/02/26,2024-03-06,7,62648,2024/03/05
SHP100221,12,Surabaya,Balikpapan,DELIVERED,2024-04-28,2024/04/30,18,89778,2024/04/29
SHP100235,1,Denpasar,Medan,DELIVERED,2024/05/04,2024-05-12,6,40367,2024-05-15
SHP100390,14,Batam,Semarang,In-Transit,2024-06-23,2024-07-03,9,84095,
SHP100713,4,Yogyakarta,Bandung,Delivered,2024/05/31,2024-06-01,11,89363,2024/05/31
SHP100798,13,Padang,Yogyakarta,Delivered,2024/02/26,2024/02/27,14,86648,2024-03-01
SHP100707,8,Manado,Semarang,DELIVERED,2024-05-27,2024-05-29,18,97572,2024-05-30
SHP100626,5,Jakarta,Banjarmasin,DELIVERED,2024/05/19,2024/05/21,9,65701,2024-05-19
SHP100249,9,Batam,Balikpapan,in transit,2024-05-22,2024/05/27,6,55225,
SHP100597,1,Palembang,Yogyakarta,In-Transit,2024-02-29,2024-03-08,9,78826,
SHP100439,1,Balikpapan,Bandung,Delivered,2024-01-30,2024/02/05,1,21152,2024/02/04
SHP100071,2,Balikpapan,Medan,Delivered,2024/02/05,2024-02-10,9,84727,2024-02-12
SHP100094,6,Batam,Palembang,in transit,2024-06-23,2024-06-30,4,31735,
SHP100033,6,Batam,Manado,Delivered,2024-04-28,2024-05-06,12,94536,2024-05-11
SHP100668,5,Surabaya,Batam,DELIVERED,2024-03-05,2024-03-11,11,57778,2024/03/11
SHP100259,6,Medan,Manado,Pending,2024-01-16,2024-01-20,19,166335,
SHP100204,15,Denpasar,Padang,Delivered,2024-06-21,2024/06/26,1,23756,2024-06-24
SHP100411,11,Palembang,Padang,Delivered,2024/06/28,2024-07-05,18,94427,2024/07/05
SHP100643,10,Bandung,Padang,In-Transit,2024-06-08,2024-06-09,19,124904,
SHP100851,13,Denpasar,Bandung,DELIVERED,2024/02/02,2024/02/03,19,163427,2024/02/01
SHP100077,12,Medan,Semarang,Delivered,2024-02-09,2024/02/17,3,34163,2024-02-17
SHP100084,4,Pontianak,Balikpapan,in transit,2024/04/08,2024-04-17,5,48305,
SHP100918,2,Balikpapan,Yogyakarta,DELIVERED,2024/04/30,2024-05-08,17,124588,2024/05/06
SHP100082,14,Makassar,Surabaya,Pending,2024-06-01,2024-06-07,13,79799,
SHP100442,12,Semarang,Padang,DELIVERED,2024/05/28,2024-06-06,17,98263,2024/06/08
SHP100464,5,Surabaya,Banjarmasin,In-Transit,2024-06-20,2024-06-23,12,89408,
SHP100504,12,Batam,Surabaya,Delivered,2024/06/16,2024-06-21,10,86463,2024-06-21
SHP100732,13,Banjarmasin,Yogyakarta,In Transit,2024/06/14,2024-06-22,15,84046,
SHP100388,13,Jakarta,Batam,DELIVERED,2024-04-01,2024-04-07,13,112596,2024/04/07
SHP100491,9,Jakarta,Pontianak,Delivered,2024-02-14,2024/02/15,19,161608,2024/02/13
SHP100354,1,Palembang,Surabaya,In-Transit,2024/01/14,2024/01/16,8,62796,
SHP100005,8,Banjarmasin,Yogyakarta,Pending,2024/01/12,2024-01-21,8,73756,
SHP100310,11,Jakarta,Medan,Cancelled,2024-01-26,2024-01-28,17,105678,
SHP100649,13,Bandung,Padang,Delivered,2024/06/18,2024-06-21,20,116287,2024/06/20
SHP100104,14,Surabaya,Medan,Delivered,2024/01/01,2024/01/10,3,30468,2024/01/10
SHP100097,2,Palembang,Semarang,Pending,2024-06-13,2024/06/21,13,104575,
SHP100584,5,Makassar,Yogyakarta,Cancelled,2024/03/02,2024-03-08,9,62190,
SHP100720,3,Denpasar,Jakarta,DELIVERED,2024-06-24,2024-06-27,18,128116,2024/06/25
SHP100314,12,Balikpapan,Makassar,Delivered,2024/05/09,2024/05/19,3,33775,2024/05/17
SHP100865,8,Bandung,Medan,Delivered,2024-05-02,2024-05-10,18,100859,2024-05-08
SHP100967,11,Bandung,Batam,Delivered,2024-06-03,2024-06-11,20,170537,2024-06-15
SHP100281,2,Palembang,Jakarta,In Transit,2024-05-28,2024/05/31,7,50791,
SHP100266,10,Manado,Pontianak,DELIVERED,2024-05-15,2024-05-19,2,30768,2024-05-23
SHP100523,15,Makassar,Batam,DELIVERED,2024/03/01,2024/03/06,1,20558,2024-03-06
SHP100908,12,Pontianak,Palembang,Cancelled,2024/03/02,2024-03-12,7,54225,
SHP100855,1,Jakarta,Pontianak,Delivered,2024-01-04,2024/01/08,19,89263,2024-01-06
SHP100485,10,Balikpapan,Semarang,Cancelled,2024/02/02,2024/02/08,4,42937,
SHP100601,5,Pontianak,Yogyakarta,DELIVERED,2024/06/29,2024/07/07,9,56263,2024/07/07
SHP100582,9,Padang,Banjarmasin,Delivered,2024/05/04,2024/05/13,6,47318,2024-05-16
SHP100118,5,Semarang,Bandung,Delivered,2024-02-11,2024/02/16,10,76642,2024-02-20
SHP100662,12,Palembang,Pontianak,Pending,2024-04-26,2024-05-03,2,22279,
SHP100250,14,Palembang,Medan,Delivered,2024/06/18,2024/06/27,9,59707,2024-06-27
SHP100101,10,Palembang,Batam,Delivered,2024-04-21,2024/04/29,7,63144,2024/05/01
SHP100285,5,Padang,Yogyakarta,Pending,2024/01/21,2024/01/30,12,75261,
SHP100541,11,Denpasar,Medan,Delivered,2024/04/08,2024/04/10,2,21779,2024/04/08
SHP100009,10,Bandung,Banjarmasin,Delivered,2024/01/21,2024/01/27,2,24254,2024-01-26
SHP100409,1,Yogyakarta,Semarang,Delivered,2024/03/09,2024/03/11,5,51012,2024-03-14
SHP100196,4,Semarang,Yogyakarta,Cancelled,2024-01-25,2024-01-26,11,97768,
SHP100861,15,Denpasar,Makassar,DELIVERED,2024-03-28,2024-04-03,3,32583,2024-04-01
SHP100081,3,Semarang,Denpasar,DELIVERED,2024-04-18,2024-04-26,9,51568,2024/04/24
SHP100478,2,Palembang,Batam,Delivered,2024/06/19,2024/06/28,20,131821,2024-07-03
SHP100551,7,Denpasar,Bandung,Pending,2024-02-26,2024-03-07,19,107888,
SHP100692,10,Jakarta,Manado,DELIVERED,2024-02-25,2024/02/27,7,56983,2024-02-26
SHP100239,14,Makassar,Medan,Pending,2024/01/16,2024/01/24,11,93046,
SHP100621,4,Batam,Yogyakarta,In Transit,2024/03/31,2024/04/01,4,37968,
SHP100211,3,Batam,Denpasar,Pending,2024-01-28,2024/02/02,14,91613,
SHP100801,14,Banjarmasin,Batam,DELIVERED,2024/03/03,2024-03-06,19,141946,2024-03-05
SHP100457,15,Medan,Padang,Delivered,2024/03/06,2024/03/16,6,50344,2024-03-19
SHP100656,11,Surabaya,Padang,DELIVERED,2024-02-16,2024-02-26,15,112047,2024/02/28
SHP100227,14,Balikpapan,Batam,DELIVERED,2024/01/13,2024/01/16,6,45836,2024-01-17
SHP100986,3,Yogyakarta,Pontianak,Delivered,2024-02-16,2024/02/18,6,48633,2024-02-19
SHP100682,2,Makassar,Jakarta,Delivered,2024-02-21,2024-02-28,1,20622,2024-02-26
SHP100596,5,Pontianak,Palembang,In Transit,2024-02-08,2024/02/11,10,75725,
SHP100887,2,Padang,Balikpapan,DELIVERED,2024-02-27,2024/03/04,19,102156,2024-03-04
SHP100177,1,Manado,Medan,Cancelled,2024-01-09,2024/01/17,13,72016,
SHP100370,6,Manado,Padang,In Transit,2024/05/23,2024/05/24,14,102102,
SHP100568,1,Palembang,Bandung,Delivered,2024/04/23,2024-05-03,17,92641,2024-05-03
SHP100934,13,Medan,Denpasar,Delivered,2024/02/20,2024/02/29,2,25294,2024-02-28
SHP100583,12,Bandung,Surabaya,DELIVERED,2024/06/09,2024/06/13,20,117053,2024-06-16
SHP100136,12,Batam,Balikpapan,DELIVERED,2024/01/18,2024/01/25,4,30282,2024/01/26
SHP100424,11,Semarang,Banjarmasin,Delivered,2024-06-17,2024/06/20,10,77704,2024-06-19
SHP100506,7,Jakarta,Bandung,In-Transit,2024/04/29,2024-05-08,4,43063,
SHP100007,5,Jakarta,Makassar,DELIVERED,2024-02-28,2024/03/07,12,83552,2024-03-06
SHP100728,5,Padang,Batam,DELIVERED,2024/06/18,2024/06/22,18,91501,2024/06/21
SHP100155,9,Batam,Palembang,Delivered,2024-06-15,2024/06/18,12,77086,2024/06/18
SHP100357,14,Pontianak,Batam,DELIVERED,2024/04/18,2024/04/24,4,47744,2024-04-22
SHP100618,14,Jakarta,Pontianak,In-Transit,2024/04/07,2024/04/12,7,44327,
SHP100223,12,Denpasar,Yogyakarta,DELIVERED,2024-01-20,2024-01-26,2,24081,2024-01-25
SHP100329,7,Denpasar,Bandung,DELIVERED,2024-05-15,2024/05/18,13,113017,2024-05-19
SHP100558,3,Manado,Yogyakarta,DELIVERED,2024-03-04,2024/03/10,17,102757,2024/03/08
SHP100949,2,Bandung,Makassar,In-Transit,2024-03-14,2024-03-24,15,74083,
SHP100868,5,Padang,Batam,DELIVERED,2024-04-12,2024/04/15,2,21928,2024/04/18
SHP100907,8,Denpasar,Batam,Delivered,2024-02-10,2024-02-17,13,82138,2024-02-17
SHP100634,10,Palembang,Makassar,DELIVERED,2024/01/08,2024-01-09,10,93142,2024-01-08
SHP100849,12,Bandung,Semarang,Delivered,2024-03-15,2024-03-21,19,97526,2024-03-23
SHP100844,2,Pontianak,Padang,DELIVERED,2024/02/02,2024-02-03,16,109898,2024-02-03
SHP100328,4,Jakarta,Padang,Delivered,2024-06-16,2024-06-22,1,18471,2024-06-24
SHP100499,3,Medan,Palembang,Pending,2024/03/14,2024-03-21,3,30619,
SHP100635,10,Pontianak,Medan,Delivered,2024-04-09,2024-04-17,18,141610,2024-04-16
SHP100972,2,Banjarmasin,Jakarta,Cancelled,2024-06-21,2024/06/26,5,33897,
SHP100591,14,Medan,Semarang,DELIVERED,2024-03-26,2024-03-30,2,27879,2024/04/04
SHP100810,5,Surabaya,Pontianak,DELIVERED,2024/04/18,2024-04-20,3,29428,2024-04-19
SHP100789,11,Pontianak,Denpasar,Delivered,2024/03/02,2024-03-03,14,113221,2024/03/07
SHP100869,6,Surabaya,Medan,Delivered,2024/05/05,2024-05-07,8,73083,2024/05/08
SHP100163,8,Banjarmasin,Palembang,DELIVERED,2024/01/17,2024/01/25,15,77363,2024/01/26
SHP100228,11,Bandung,Padang,Cancelled,2024/06/15,2024-06-24,6,43027,
SHP100450,9,Palembang,Denpasar,DELIVERED,2024-04-21,2024/04/27,15,116006,2024-04-25
SHP100814,3,Manado,Jakarta,DELIVERED,2024/06/28,2024/07/08,10,60634,2024-07-08
SHP100212,6,Medan,Jakarta,in transit,2024-03-04,2024/03/07,18,159659,
SHP100854,7,Jakarta,Manado,Cancelled,2024/01/27,2024/02/02,14,124839,
SHP100079,8,Makassar,Yogyakarta,Delivered,2024-02-10,2024-02-18,9,71405,2024-02-16
SHP100148,5,Jakarta,Pontianak,DELIVERED,2024-02-24,2024-03-01,2,24256,2024/03/05
SHP100302,15,Makassar,Padang,DELIVERED,2024-03-17,2024/03/19,13,91386,2024/03/19
SHP100430,12,Yogyakarta,Banjarmasin,Delivered,2024/03/12,2024-03-18,10,80912,2024/03/16
SHP100413,6,Medan,Jakarta,In Transit,2024/04/07,2024-04-12,16,129826,
SHP100567,3,Semarang,Pontianak,Delivered,2024-03-22,2024/03/29,17,134821,2024-03-27
SHP100712,9,Yogyakarta,Medan,DELIVERED,2024/01/20,2024/01/29,7,69440,2024/02/01
SHP100043,12,Semarang,Batam,Delivered,2024-02-28,2024/03/06,16,133227,2024-03-08
SHP100432,1,Banjarmasin,Semarang,Delivered,2024/06/13,2024/06/20,4,36572,2024-06-18
SHP100133,9,Denpasar,Palembang,DELIVERED,2024/01/21,2024-01-26,12,72256,2024/01/30
SHP100614,12,Banjarmasin,Palembang,Delivered,2024/05/29,2024/05/30,1,21726,2024/06/03
SHP100549,12,Batam,Balikpapan,Delivered,2024-01-28,2024-02-07,15,77633,2024-02-06
SHP100311,15,Semarang,Pontianak,DELIVERED,2024/01/19,2024-01-27,3,36233,2024-01-26
SHP100408,1,Surabaya,Batam,Delivered,2024-03-04,2024-03-11,9,75805,2024-03-11
SHP100532,10,Semarang,Balikpapan,DELIVERED,2024-05-01,2024/05/08,5,43094,2024-05-06
SHP100679,12,Manado,Semarang,Delivered,2024-01-11,2024/01/14,3,29060,2024-01-12
SHP100534,6,Surabaya,Palembang,DELIVERED,2024/01/19,2024-01-22,5,50670,2024/01/24
SHP100879,11,Jakarta,Medan,DELIVERED,2024-01-22,2024-01-31,18,94921,2024-01-31
SHP100951,13,Makassar,Bandung,DELIVERED,2024-02-01,2024/02/09,6,37735,2024-02-07
SHP100000,7,Jakarta,Denpasar,in transit,2024/04/02,2024-04-08,14,98798,
SHP100495,13,Manado,Yogyakarta,DELIVERED,2024/04/13,2024/04/14,6,52261,2024/04/18
SHP100360,5,Denpasar,Banjarmasin,Delivered,2024-01-01,2024/01/03,15,112003,2024-01-02
SHP100382,14,Yogyakarta,Palembang,Pending,2024-04-20,2024-04-22,10,78551,
SHP100316,6,Yogyakarta,Manado,Delivered,2024-02-03,2024/02/04,17,148300,2024-02-08
SHP100788,11,Padang,Pontianak,Cancelled,2024-05-22,2024/05/25,19,141144,
SHP100611,9,Jakarta,Makassar,Pending,2024/02/22,2024-02-27,4,33771,
SHP100521,2,Banjarmasin,Pontianak,Delivered,2024-03-26,2024/03/27,16,104931,2024-03-27
SHP100593,9,Semarang,Pontianak,DELIVERED,2024/05/18,2024-05-28,3,28270,2024/05/26
SHP100621,4,Batam,Yogyakarta,In Transit,2024/03/31,2024/04/01,4,37968,
SHP100566,14,Surabaya,Yogyakarta,DELIVERED,2024-06-01,2024/06/05,9,71852,2024-06-10
SHP100172,3,Yogyakarta,Manado,Cancelled,2024-01-19,2024-01-27,8,63241,
SHP100125,13,Balikpapan,Makassar,Delivered,2024-01-05,2024/01/12,4,40628,2024-01-14
SHP100994,3,Makassar,Batam,Delivered,2024-04-14,2024-04-17,20,149843,2024/04/17
SHP100531,6,Batam,Surabaya,Cancelled,2024-03-03,2024-03-11,1,20985,
SHP100616,15,Surabaya,Palembang,Cancelled,2024/01/06,2024/01/15,13,75122,
SHP100678,13,Banjarmasin,Makassar,in transit,2024-06-15,2024/06/25,14,108736,
SHP100090,6,Batam,Bandung,Delivered,2024/05/21,2024-05-25,9,74874,2024-05-23
SHP100584,5,Makassar,Yogyakarta,Cancelled,2024/03/02,2024-03-08,9,62190,
SHP100181,15,Bandung,Padang,DELIVERED,2024-03-01,2024-03-08,8,77766,2024/03/07
SHP100363,9,Padang,Banjarmasin,Delivered,2024-06-12,2024-06-16,13,84770,2024-06-20
SHP100578,5,Batam,Yogyakarta,Delivered,2024-03-04,2024-03-06,6,42586,2024-03-06
SHP100274,5,Semarang,Yogyakarta,Delivered,2024/01/18,2024/01/19,13,101397,2024/01/17
SHP100781,14,Manado,Banjarmasin,DELIVERED,2024/01/03,2024-01-09,6,52458,2024-01-08
SHP100660,2,Batam,Padang,Delivered,2024/03/24,2024-03-29,11,64513,2024-03-27
SHP100069,10,Pontianak,Denpasar,DELIVERED,2024-04-02,2024-04-08,16,137610,2024/04/07
SHP100291,5,Surabaya,Medan,DELIVERED,2024-03-21,2024-03-29,10,78736,2024/03/27
SHP100131,9,Pontianak,Batam,DELIVERED,2024-03-02,2024-03-04,6,44969,2024-03-09
SHP100300,11,Banjarmasin,Jakarta,in transit,2024-06-20,2024/06/24,12,108401,
SHP100529,14,Denpasar,Banjarmasin,DELIVERED,2024/01/07,2024/01/09,17,136002,2024-01-14
SHP100326,15,Makassar,Denpasar,Pending,2024-03-18,2024-03-22,1,18685,
SHP100144,3,Pontianak,Bandung,Delivered,2024-03-08,2024-03-14,12,85299,2024/03/13
SHP100526,9,Medan,Yogyakarta,DELIVERED,2024/02/27,2024-03-03,11,78791,2024-03-04
SHP100650,4,Yogyakarta,Makassar,DELIVERED,2024/01/07,2024-01-08,13,92710,2024/01/08
SHP100714,10,Padang,Balikpapan,Delivered,2024/06/25,2024-07-01,4,43233,2024-06-30
SHP100135,1,Denpasar,Makassar,Delivered,2024/05/04,2024-05-06,11,93495,2024/05/06
SHP100338,11,Jakarta,Pontianak,DELIVERED,2024/01/30,2024-02-01,17,142819,2024/01/30
SHP100261,9,Batam,Medan,Delivered,2024-01-15,2024-01-16,18,142091,2024/01/16
SHP100164,5,Palembang,Surabaya,DELIVERED,2024/03/27,2024/04/06,19,100029,2024-04-06
SHP100028,12,Banjarmasin,Jakarta,Delivered,2024/06/11,2024/06/16,1,21826,2024-06-15
SHP100942,5,Banjarmasin,Pontianak,In-Transit,2024-02-06,2024/02/08,2,27724,
SHP100193,15,Denpasar,Manado,Delivered,2024-04-14,2024/04/24,10,61952,2024/04/24
SHP100545,8,Makassar,Jakarta,In-Transit,2024/02/07,2024-02-08,1,18468,
SHP100711,13,Surabaya,Pontianak,Cancelled,2024/02/20,2024-02-29,4,43686,
SHP100433,5,Medan,Yogyakarta,In Transit,2024-05-10,2024/05/16,16,116551,
SHP100939,6,Balikpapan,Palembang,Delivered,2024-06-14,2024/06/22,15,77183,2024-06-20
SHP100169,11,Manado,Jakarta,DELIVERED,2024/05/30,2024-06-07,8,65455,2024/06/07
SHP100560,8,Manado,Surabaya,Cancelled,2024/04/26,2024-05-06,6,55328,
SHP100140,11,Palembang,Padang,DELIVERED,2024/06/17,2024-06-20,16,133530,2024-06-18
SHP100173,5,Surabaya,Pontianak,Delivered,2024/06/10,2024-06-15,3,34788,2024/06/15
SHP100006,13,Jakarta,Medan,DELIVERED,2024/06/18,2024/06/19,18,147465,2024/06/17
SHP100715,5,Medan,Padang,In-Transit,2024-06-09,2024/06/19,15,133118,
SHP100920,12,Banjarmasin,Jakarta,In Transit,2024/01/09,2024-01-16,3,38407,
SHP100938,13,Manado,Balikpapan,Pending,2024/02/27,2024/03/08,11,82309,
SHP100933,12,Banjarmasin,Padang,Delivered,2024-06-18,2024/06/24,13,112190,2024-06-22
SHP100073,12,Jakarta,Palembang,Cancelled,2024-05-06,2024-05-11,15,110694,
SHP100762,15,Semarang,Bandung,Pending,2024/05/25,2024-05-28,5,38564,
SHP100519,12,Yogyakarta,Surabaya,Delivered,2024-06-11,2024-06-21,18,99628,2024/06/21
SHP100238,11,Semarang,Bandung,In Transit,2024-04-12,2024-04-14,13,97321,
SHP100145,3,Jakarta,Manado,DELIVERED,2024-05-15,2024/05/16,10,86452,2024/05/15
SHP100882,4,Balikpapan,Pontianak,In-Transit,2024-05-22,2024/05/30,13,84210,
SHP100234,14,Makassar,Semarang,Cancelled,2024-04-14,2024-04-19,3,35212,
SHP100220,6,Padang,Semarang,DELIVERED,2024-03-12,2024/03/15,1,22079,2024-03-17
SHP100214,2,Semarang,Batam,DELIVERED,2024/02/18,2024/02/19,18,104285,2024/02/17
SHP100736,9,Yogyakarta,Banjarmasin,Cancelled,2024/05/05,2024/05/10,4,39579,
SHP100132,7,Manado,Semarang,Delivered,2024/05/25,2024-05-29,17,150218,2024-06-02
SHP100866,1,Makassar,Manado,Delivered,2024-01-30,2024-02-07,19,112841,2024-02-05
SHP100575,10,Jakarta,Palembang,Delivered,2024/05/01,2024/05/05,16,98874,2024-05-10
SHP100731,7,Balikpapan,Yogyakarta,Cancelled,2024-05-09,2024/05/14,13,110114,
SHP100422,6,Medan,Denpasar,DELIVERED,2024/02/27,2024/02/29,17,96741,2024-03-05
SHP100185,9,Surabaya,Pontianak,In Transit,2024/02/24,2024/02/28,18,139477,
SHP100041,10,Surabaya,Yogyakarta,in transit,2024-03-24,2024/03/25,17,118514,
SHP100636,6,Yogyakarta,Palembang,Delivered,2024/03/27,2024/04/06,18,118223,2024-04-04
SHP100108,14,Pontianak,Manado,DELIVERED,2024/05/09,2024/05/17,8,55295,2024-05-18
SHP100703,2,Jakarta,Manado,Delivered,2024/01/28,2024/02/01,18,89036,2024/01/31
SHP100056,3,Medan,Pontianak,In Transit,2024/06/13,2024-06-21,11,77740,
SHP100513,14,Pontianak,Denpasar,Delivered,2024/02/13,2024-02-21,14,78423,2024/02/19
SHP100950,11,Surabaya,Medan,In Transit,2024-04-22,2024-04-25,3,31257,
SHP100630,14,Surabaya,Padang,Delivered,2024-02-26,2024/03/04,6,47774,2024-03-02
SHP100483,15,Manado,Yogyakarta,Delivered,2024-03-16,2024/03/22,14,90045,2024-03-22
SHP100468,2,Manado,Yogyakarta,DELIVERED,2024/01/18,2024/01/24,1,21612,2024/01/24
SHP100959,15,Batam,Bandung,Delivered,2024-05-18,2024-05-24,10,78547,2024-05-23
SHP100435,13,Bandung,Banjarmasin,Delivered,2024-06-22,2024/06/23,15,94647,2024-06-23
SHP100024,12,Semarang,Banjarmasin,Delivered,2024/06/23,2024/07/01,6,52769,2024/07/01
SHP100522,7,Makassar,Semarang,DELIVERED,2024/01/24,2024-01-28,8,56693,2024/02/02
SHP100536,4,Batam,Makassar,Delivered,2024-04-16,2024/04/25,18,113462,2024/04/25
SHP100964,15,Semarang,Yogyakarta,Pending,2024-01-11,2024-01-13,6,51468,
SHP100773,7,Semarang,Pontianak,Delivered,2024-03-31,2024/04/07,20,134608,2024-04-11
SHP100366,3,Makassar,Medan,Cancelled,2024-04-23,2024-05-02,16,78044,
SHP100653,2,Jakarta,Palembang,DELIVERED,2024-04-19,2024/04/27,17,128916,2024-04-27
SHP100383,3,Palembang,Makassar,Delivered,2024/02/02,2024-02-05,4,35980,2024-02-05
SHP100454,1,Makassar,Batam,DELIVERED,2024-04-08,2024/04/12,9,68471,2024-04-12
SHP100264,14,Medan,Yogyakarta,In-Transit,2024/05/02,2024-05-08,12,84570,
SHP100598,13,Jakarta,Denpasar,in transit,2024/04/08,2024/04/16,1,18723,
SHP100761,10,Manado,Padang,DELIVERED,2024/04/28,2024/04/30,9,55336,2024-04-29
SHP100444,13,Batam,Palembang,In-Transit,2024-01-10,2024/01/13,2,27009,
SHP100395,13,Jakarta,Padang,DELIVERED,2024-05-23,2024/06/02,7,55903,2024/06/01
SHP100176,3,Banjarmasin,Balikpapan,Delivered,2024/01/18,2024/01/20,2,28003,2024-01-18
SHP100018,8,Semarang,Bandung,Pending,2024/04/04,2024-04-11,18,87347,
SHP100919,12,Yogyakarta,Semarang,In-Transit,2024/03/15,2024-03-25,16,100668,
SHP100636,6,Yogyakarta,Palembang,Delivered,2024/03/27,2024/04/06,18,118223,2024-04-04
SHP100061,2,Batam,Surabaya,Delivered,2024-03-04,2024/03/11,20,171187,2024-03-11
SHP100272,3,Banjarmasin,Manado,DELIVERED,2024-01-18,2024/01/21,2,22376,2024-01-21
SHP100984,5,Surabaya,Denpasar,DELIVERED,2024-04-23,2024-04-26,8,62773,2024-04-26
SHP100278,11,Bandung,Padang,Delivered,2024/01/31,2024-02-02,15,125434,2024-01-31
SHP100904,8,Batam,Pontianak,Delivered,2024/03/08,2024/03/10,9,77207,2024-03-12
SHP100368,4,Makassar,Semarang,Delivered,2024/06/29,2024-07-07,16,84049,2024-07-07
SHP100688,1,Bandung,Makassar,Delivered,2024-05-01,2024-05-08,17,86668,2024-05-08
SHP100096,15,Semarang,Surabaya,In Transit,2024/03/09,2024/03/15,13,77906,
SHP100807,11,Surabaya,Makassar,Delivered,2024-05-21,2024-05-26,1,20140,2024/05/24
SHP100892,15,Batam,Jakarta,in transit,2024-03-17,2024/03/23,20,143313,
SHP100700,4,Padang,Batam,DELIVERED,2024/01/30,2024/02/03,6,57960,2024-02-02
SHP100456,5,Batam,Bandung,In-Transit,2024-02-18,2024/02/27,13,117285,
SHP100393,6,Denpasar,Medan,DELIVERED,2024/01/27,2024-02-04,10,76755,2024-02-03
SHP100708,4,Balikpapan,Medan,DELIVERED,2024-06-22,2024-06-27,2,30142,2024/07/01
SHP100905,6,Manado,Batam,DELIVERED,2024-06-18,2024-06-25,5,39691,2024-06-27
SHP100375,11,Denpasar,Makassar,DELIVERED,2024/02/08,2024-02-16,5,34900,2024/02/14
SHP100412,3,Balikpapan,Medan,Delivered,2024-01-28,2024-02-03,5,53341,2024-02-06
SHP100074,15,Balikpapan,Semarang,DELIVERED,2024-01-24,2024/01/29,16,131158,2024/01/29
SHP100980,12,Yogyakarta,Padang,Pending,2024/02/14,2024/02/16,6,59339,
SHP100500,2,Makassar,Pontianak,DELIVERED,2024-02-23,2024/03/02,19,160379,2024-03-02
SHP100717,8,Makassar,Palembang,DELIVERED,2024-01-27,2024/02/06,3,30884,2024/02/05
SHP100114,5,Bandung,Pontianak,DELIVERED,2024-06-04,2024/06/11,17,87108,2024-06-10
SHP100417,14,Jakarta,Padang,DELIVERED,2024-02-21,2024/02/23,15,84144,2024-02-23
SHP100089,14,Surabaya,Medan,DELIVERED,2024-03-05,2024-03-09,9,85905,2024/03/11
SHP100210,11,Bandung,Jakarta,DELIVERED,2024/03/27,2024/04/06,9,71820,2024-04-10
SHP100965,9,Denpasar,Bandung,Delivered,2024-04-20,2024/04/21,20,124767,2024-04-21
SHP100678,13,Banjarmasin,Makassar,in transit,2024-06-15,2024/06/25,14,108736,
SHP100684,3,Makassar,Banjarmasin,Delivered,2024/06/08,2024/06/18,8,52570,2024-06-16
SHP100011,7,Batam,Surabaya,DELIVERED,2024-01-26,2024-02-01,2,21215,2024-02-03
SHP100396,9,Batam,Semarang,DELIVERED,2024-04-14,2024-04-21,7,63391,2024-04-20
SHP100594,8,Padang,Batam,Delivered,2024-01-21,2024/01/24,6,46335,2024-01-23
SHP100885,4,Jakarta,Surabaya,Delivered,2024/06/01,2024-06-05,10,77028,2024-06-09
SHP100042,12,Yogyakarta,Palembang,DELIVERED,2024-01-15,2024-01-24,6,60871,2024-01-23
SHP100167,8,Balikpapan,Jakarta,In-Transit,2024-05-21,2024-05-29,8,77142,
SHP100416,14,Pontianak,Bandung,Cancelled,2024/02/26,2024-03-05,16,115686,
SHP100843,13,Manado,Batam,In Transit,2024/05/16,2024/05/25,11,94796,
SHP100426,2,Jakarta,Pontianak,Delivered,2024/04/12,2024/04/13,2,27725,2024-04-12
SHP100544,1,Denpasar,Bandung,DELIVERED,2024/03/03,2024-03-10,4,44252,2024-03-09
SHP100981,1,Pontianak,Yogyakarta,Delivered,2024/04/30,2024-05-03,14,115385,2024/05/03
SHP100570,15,Yogyakarta,Makassar,In Transit,2024-05-09,2024-05-18,7,48160,
SHP100774,9,Balikpapan,Batam,Delivered,2024-03-07,2024/03/08,15,125056,2024-03-12
SHP100685,2,Banjarmasin,Padang,Cancelled,2024-02-09,2024/02/11,19,135686,
SHP100257,15,Palembang,Padang,Delivered,2024-05-28,2024-06-03,5,53790,2024-06-05
SHP100335,2,Surabaya,Banjarmasin,Pending,2024/01/27,2024-02-05,9,86567,
SHP100015,5,Balikpapan,Banjarmasin,DELIVERED,2024/06/11,2024/06/12,17,104208,2024-06-15
SHP100811,13,Balikpapan,Denpasar,Delivered,2024-05-20,2024-05-21,10,72664,2024-05-21
SHP100324,10,Jakarta,Surabaya,DELIVERED,2024-05-19,2024/05/23,18,120817,2024-05-21
SHP100845,12,Manado,Medan,In Transit,2024-03-11,2024-03-18,9,54519,
SHP100222,12,Balikpapan,Banjarmasin,in transit,2024/03/04,2024/03/09,6,47011,
SHP100179,10,Padang,Manado,Delivered,2024-01-19,2024-01-29,12,81193,2024-02-03
SHP100099,12,Palembang,Pontianak,DELIVERED,2024/01/29,2024-02-05,9,71649,2024-02-03
SHP100521,2,Banjarmasin,Pontianak,Delivered,2024-03-26,2024/03/27,16,104931,2024-03-27
SHP100022,2,Padang,Jakarta,DELIVERED,2024/03/09,2024-03-15,8,58330,2024-03-14
SHP100356,1,Padang,Banjarmasin,DELIVERED,2024-06-11,2024-06-19,14,110331,2024-06-18
SHP100745,11,Pontianak,Padang,DELIVERED,2024-05-13,2024-05-22,5,42134,2024-05-22
SHP100960,1,Palembang,Surabaya,DELIVERED,2024/05/06,2024-05-13,7,44753,2024-05-13
SHP100784,5,Semarang,Surabaya,Delivered,2024-01-22,2024/01/28,1,21214,2024/01/26
SHP100340,9,Banjarmasin,Palembang,DELIVERED,2024-05-21,2024-05-24,13,104789,2024-05-28
SHP100431,15,Jakarta,Bandung,in transit,2024/03/30,2024/04/01,17,90010,
SHP100615,5,Palembang,Padang,Cancelled,2024-06-27,2024-07-03,17,135816,
SHP100930,5,Pontianak,Semarang,Cancelled,2024-03-08,2024-03-09,8,61087,
SHP100203,13,Medan,Pontianak,DELIVERED,2024/01/14,2024/01/22,11,76483,2024-01-26
SHP100704,13,Batam,Bandung,Delivered,2024-05-28,2024-06-01,11,75028,2024/05/31
SHP100093,4,Yogyakarta,Jakarta,Delivered,2024-01-30,2024-02-03,1,23314,2024-02-01
SHP100973,9,Bandung,Yogyakarta,Delivered,2024-05-27,2024-06-01,6,40622,2024-05-31
SHP100068,9,Makassar,Balikpapan,DELIVERED,2024-04-12,2024/04/19,5,49517,2024/04/19
SHP100695,14,Surabaya,Denpasar,Delivered,2024-03-06,2024/03/12,5,50100,2024/03/12
SHP100284,7,Pontianak,Denpasar,in transit,2024-06-07,2024/06/13,18,93414,
SHP100895,5,Yogyakarta,Balikpapan,Delivered,2024/03/19,2024-03-27,11,80114,2024/03/27
SHP100434,12,Semarang,Balikpapan,Delivered,2024/04/12,2024-04-19,20,171847,2024/04/17
SHP100153,12,Medan,Surabaya,Cancelled,2024/04/12,2024-04-19,7,52913,
SHP100075,12,Jakarta,Makassar,Cancelled,2024/01/13,2024-01-23,18,132526,
SHP100816,13,Manado,Padang,DELIVERED,2024-03-10,2024-03-12,18,124697,2024/03/11
SHP100580,7,Semarang,Padang,DELIVERED,2024-03-11,2024-03-13,7,44385,2024-03-12
SHP100446,5,Medan,Pontianak,Delivered,2024-06-01,2024-06-05,15,78714,2024/06/05
SHP100188,10,Yogyakarta,Surabaya,DELIVERED,2024/05/26,2024-05-28,9,64753,2024/05/28
SHP100271,2,Jakarta,Surabaya,Pending,2024-02-17,2024/02/19,2,26049,
SHP100236,1,Jakarta,Medan,Delivered,2024/05/03,2024-05-08,8,73667,2024-05-10
SHP100487,10,Palembang,Yogyakarta,Delivered,2024-04-17,2024/04/23,6,48462,2024-04-21
SHP100198,4,Banjarmasin,Bandung,DELIVERED,2024/04/20,2024-04-25,8,61071,2024-04-23
SHP100559,7,Bandung,Balikpapan,DELIVERED,2024-02-01,2024/02/04,2,25108,2024/02/04
SHP100117,15,Pontianak,Denpasar,DELIVERED,2024/04/05,2024/04/13,15,102541,2024/04/11
SHP100911,10,Balikpapan,Pontianak,In-Transit,2024-01-20,2024-01-25,3,32523,
SHP100512,8,Surabaya,Palembang,Delivered,2024/05/01,2024-05-11,7,53351,2024-05-15
SHP100617,1,Bandung,Medan,DELIVERED,2024-05-27,2024/05/29,4,38501,2024/05/29
SHP100661,3,Pontianak,Manado,Delivered,2024/02/24,2024-03-02,16,138848,2024/03/02
SHP100126,9,Banjarmasin,Manado,Cancelled,2024-01-29,2024/02/04,14,83048,
SHP100116,2,Balikpapan,Surabaya,Delivered,2024/02/09,2024-02-11,12,67099,2024-02-11
SHP100473,10,Banjarmasin,Balikpapan,Pending,2024-06-18,2024-06-25,4,45271,
SHP100958,2,Yogyakarta,Denpasar,Delivered,2024-05-08,2024-05-17,7,54139,2024-05-20
SHP100057,7,Denpasar,Pontianak,DELIVERED,2024-04-27,2024-05-01,17,97959,2024-05-01
SHP100603,13,Yogyakarta,Jakarta,DELIVERED,2024-01-17,2024-01-27,2,28638,2024-01-27
SHP100753,12,Medan,Surabaya,DELIVERED,2024/05/31,2024-06-01,1,22989,2024-05-31
SHP100938,13,Manado,Balikpapan,Pending,2024/02/27,2024/03/08,11,82309,
SHP100369,8,Surabaya,Denpasar,DELIVERED,2024/04/19,2024-04-20,7,69412,2024/04/19
SHP100268,12,Batam,Semarang,DELIVERED,2024-01-15,2024/01/23,11,98889,2024-01-25
SHP100046,14,Semarang,Manado,Delivered,2024-04-12,2024/04/14,5,35473,2024-04-18
SHP100349,12,Bandung,Padang,DELIVERED,2024-06-11,2024-06-12,19,160584,2024-06-10
SHP100195,1,Yogyakarta,Banjarmasin,Delivered,2024-01-25,2024-01-30,19,104864,2024/01/28
SHP100102,14,Denpasar,Bandung,DELIVERED,2024-02-10,2024-02-11,4,31561,2024-02-09
SHP100174,15,Batam,Denpasar,DELIVERED,2024-01-16,2024/01/25,9,74187,2024-01-24
SHP100886,9,Batam,Palembang,Pending,2024/06/07,2024-06-12,3,26969,
SHP100888,15,Banjarmasin,Medan,Cancelled,2024/05/13,2024-05-14,3,36300,
SHP100822,7,Surabaya,Banjarmasin,DELIVERED,2024/03/21,2024-03-30,16,123183,2024-03-29
SHP100263,1,Bandung,Padang,In Transit,2024-05-29,2024-06-07,4,34944,
SHP100837,10,Surabaya,Balikpapan,DELIVERED,2024/03/16,2024-03-22,1,19919,2024-03-20
SHP100443,14,Pontianak,Jakarta,Delivered,2024/03/08,2024-03-12,9,60090,2024-03-10
SHP100754,9,Balikpapan,Batam,DELIVERED,2024/03/09,2024-03-17,17,140216,2024-03-16
SHP100304,8,Manado,Padang,Delivered,2024/03/21,2024-03-30,4,38796,2024-03-28
SHP100341,9,Padang,Batam,DELIVERED,2024-02-09,2024/02/10,9,80145,2024/02/12
SHP100819,4,Manado,Bandung,In Transit,2024-02-29,2024-03-10,13,71190,
SHP100313,9,Palembang,Denpasar,Cancelled,2024/02/24,2024/02/28,20,173841,
SHP100149,10,Palembang,Banjarmasin,Delivered,2024-05-18,2024-05-25,5,40029,2024/05/23
SHP100124,12,Padang,Denpasar,Delivered,2024-05-05,2024/05/14,17,98257,2024/05/14
SHP100876,5,Padang,Pontianak,DELIVERED,2024-02-08,2024-02-09,20,111994,2024-02-08
SHP100916,10,Makassar,Medan,Delivered,2024-06-25,2024/06/30,9,56720,2024-06-28
SHP100050,12,Banjarmasin,Denpasar,In-Transit,2024/05/25,2024/06/02,15,114265,
SHP100353,12,Jakarta,Balikpapan,in transit,2024-03-05,2024-03-07,7,47137,
SHP100902,12,Denpasar,Balikpapan,DELIVERED,2024/06/09,2024/06/18,4,37052,2024/06/18
SHP100142,1,Manado,Padang,Delivered,2024/05/20,2024-05-21,17,124145,2024/05/20
SHP100470,10,Makassar,Medan,DELIVERED,2024-03-25,2024/03/28,3,35626,2024/04/02
SHP100399,4,Banjarmasin,Manado,DELIVERED,2024/03/01,2024/03/10,3,28568,2024-03-09
SHP100834,7,Medan,Padang,DELIVERED,2024-03-13,2024/03/16,7,69116,2024/03/21
SHP100320,12,Pontianak,Semarang,Delivered,2024-04-04,2024-04-14,18,103405,2024-04-13
SHP100019,3,Surabaya,Banjarmasin,Delivered,2024-03-31,2024-04-01,6,60200,2024/03/30
SHP100901,11,Bandung,Padang,DELIVERED,2024/02/23,2024/02/29,16,103662,2024-02-29
SHP100880,12,Pontianak,Banjarmasin,DELIVERED,2024/03/04,2024/03/11,2,24018,2024-03-09
SHP100900,9,Denpasar,Batam,Delivered,2024/01/26,2024/02/03,15,129986,2024-02-02
SHP100407,3,Semarang,Banjarmasin,Pending,2024-06-20,2024-06-27,15,84619,
SHP100537,10,Makassar,Medan,DELIVERED,2024-06-10,2024/06/14,16,131683,2024/06/14
SHP100693,10,Yogyakarta,Banjarmasin,DELIVERED,2024-04-29,2024-05-06,17,137310,2024-05-11
SHP100038,11,Banjarmasin,Manado,DELIVERED,2024-05-22,2024/05/25,19,156889,2024-05-27
SHP100175,14,Yogyakarta,Makassar,DELIVERED,2024-02-28,2024-03-02,2,25481,2024/02/29
SHP100245,7,Manado,Balikpapan,in transit,2024-04-26,2024/05/02,13,90607,
SHP100924,11,Denpasar,Balikpapan,Delivered,2024/03/13,2024-03-21,10,67523,2024-03-20
SHP100746,3,Denpasar,Manado,DELIVERED,2024-06-15,2024-06-24,4,39479,2024-06-23
SHP100901,11,Bandung,Padang,DELIVERED,2024/02/23,2024/02/29,16,103662,2024-02-29
SHP100411,11,Palembang,Padang,Delivered,2024/06/28,2024-07-05,18,94427,2024/07/05
SHP100154,7,Batam,Palembang,Delivered,2024/06/20,2024/06/30,20,150747,2024-07-05
SHP100638,4,Surabaya,Padang,Delivered,2024/06/22,2024/06/28,20,143497,2024/06/26
SHP100662,12,Palembang,Pontianak,Pending,2024-04-26,2024-05-03,2,22279,
SHP100287,1,Semarang,Yogyakarta,Delivered,2024/06/17,2024-06-27,5,40701,2024-06-29
SHP100625,10,Padang,Semarang,Cancelled,2024-05-17,2024/05/19,4,29710,
SHP100675,11,Palembang,Surabaya,DELIVERED,2024/02/27,2024/03/01,19,142629,2024-02-29
SHP100569,8,Denpasar,Palembang,Delivered,2024-06-05,2024-06-12,12,87677,2024-06-13
SHP100847,10,Denpasar,Manado,Delivered,2024/01/14,2024/01/15,16,84898,2024/01/14
SHP100017,8,Semarang,Medan,Delivered,2024/02/11,2024/02/19,17,116250,2024/02/19
SHP100127,13,Bandung,Manado,Delivered,2024/04/02,2024-04-10,10,56197,2024-04-13
SHP100322,4,Bandung,Balikpapan,Cancelled,2024-02-10,2024/02/12,20,117847,
SHP100255,12,Surabaya,Batam,in transit,2024/02/25,2024-03-06,12,94236,
SHP100909,5,Balikpapan,Jakarta,In-Transit,2024/02/14,2024-02-17,20,144828,
SHP100578,5,Batam,Yogyakarta,Delivered,2024-03-04,2024-03-06,6,42586,2024-03-06
SHP100190,12,Padang,Yogyakarta,in transit,2024/05/01,2024/05/08,12,107345,
SHP100115,13,Padang,Denpasar,Delivered,2024/02/20,2024-02-23,10,91960,2024/02/21
SHP100689,10,Yogyakarta,Bandung,Delivered,2024/06/20,2024-06-26,9,72422,2024-06-24
SHP100606,12,Palembang,Denpasar,DELIVERED,2024-03-25,2024/03/28,19,108298,2024-03-26
SHP100180,7,Pontianak,Semarang,DELIVERED,2024-05-11,2024-05-16,4,37951,2024/05/14
SHP100301,1,Semarang,Banjarmasin,DELIVERED,2024-06-14,2024-06-20,13,86081,2024/06/19
SHP100846,14,Bandung,Batam,Delivered,2024-01-12,2024/01/20,1,21119,2024/01/18
SHP100796,12,Balikpapan,Banjarmasin,Delivered,2024-01-24,2024/01/25,10,75298,2024-01-23
SHP100808,10,Makassar,Surabaya,Delivered,2024/05/15,2024/05/19,1,21264,2024/05/17
SHP100764,5,Makassar,Semarang,In-Transit,2024-06-20,2024-06-28,17,150656,
SHP100740,14,Jakarta,Balikpapan,Delivered,2024/06/11,2024/06/21,12,94832,2024-06-21
SHP100517,7,Semarang,Balikpapan,in transit,2024/05/11,2024/05/15,19,149551,
SHP100372,1,Balikpapan,Semarang,Delivered,2024-01-29,2024-02-05,4,37724,2024-02-03
SHP100045,14,Bandung,Palembang,In-Transit,2024/03/21,2024-03-25,19,156724,
SHP100076,7,Padang,Makassar,Cancelled,2024-01-29,2024/02/08,14,74298,
SHP100157,12,Palembang,Jakarta,Delivered,2024-04-22,2024/04/25,16,89435,2024-04-23
SHP100830,3,Makassar,Balikpapan,DELIVERED,2024-03-11,2024/03/17,13,111516,2024/03/19
SHP100171,1,Surabaya,Pontianak,DELIVERED,2024-01-02,2024-01-03,4,42712,2024/01/04
SHP100016,4,Bandung,Padang,Delivered,2024/04/03,2024/04/12,15,84811,2024/04/14
SHP100511,1,Semarang,Makassar,Pending,2024-05-10,2024/05/15,8,71713,
SHP100048,14,Bandung,Pontianak,Delivered,2024/01/17,2024-01-19,1,23355,2024-01-17
SHP100191,13,Balikpapan,Medan,Delivered,2024/03/03,2024-03-13,7,61792,2024-03-13
SHP100937,3,Bandung,Batam,Delivered,2024-05-19,2024-05-22,12,77464,2024/05/20
SHP100515,12,Palembang,Surabaya,In Transit,2024-01-22,2024/01/27,18,131909,
SHP100759,4,Yogyakarta,Balikpapan,Delivered,2024/04/25,2024-04-27,3,30503,2024/04/26
SHP100765,3,Balikpapan,Batam,in transit,2024/04/07,2024-04-16,12,81698,
SHP100480,6,Batam,Padang,DELIVERED,2024-03-24,2024/03/31,8,56780,2024-03-31
SHP100283,6,Surabaya,Pontianak,DELIVERED,2024-01-11,2024-01-19,20,128512,2024/01/18
SHP100802,13,Bandung,Jakarta,Delivered,2024/03/19,2024-03-28,15,125909,2024/03/29
SHP100730,1,Jakarta,Yogyakarta,DELIVERED,2024/01/18,2024/01/28,3,35875,2024/01/26
SHP100225,4,Semarang,Denpasar,Delivered,2024/05/20,2024-05-23,14,100751,2024-05-25
SHP100026,6,Makassar,Denpasar,DELIVERED,2024/01/19,2024/01/20,12,96581,2024/01/23
SHP100872,13,Bandung,Semarang,in transit,2024-06-10,2024-06-15,15,113566,
SHP100437,4,Makassar,Bandung,In-Transit,2024/03/25,2024/04/04,6,56112,
SHP100312,1,Bandung,Surabaya,Delivered,2024/05/17,2024/05/19,20,100126,2024-05-17
SHP100364,9,Banjarmasin,Padang,Pending,2024/03/08,2024/03/18,8,50264,
SHP100229,10,Manado,Padang,DELIVERED,2024-05-18,2024/05/24,18,156023,2024-05-24
SHP100037,1,Makassar,Bandung,DELIVERED,2024/06/25,2024-06-29,15,105608,2024/06/28
SHP100669,12,Jakarta,Makassar,Delivered,2024-01-21,2024/01/23,16,102324,2024-01-22
SHP100023,8,Jakarta,Makassar,Delivered,2024-06-28,2024-07-08,9,53847,2024-07-12
SHP100374,4,Medan,Makassar,Delivered,2024-06-25,2024-06-27,3,38025,2024/06/30
SHP100469,9,Manado,Banjarmasin,DELIVERED,2024-06-19,2024/06/20,17,118589,2024-06-22
SHP100030,1,Denpasar,Palembang,In-Transit,2024-05-16,2024/05/19,19,158374,
SHP100687,7,Yogyakarta,Medan,Pending,2024-02-02,2024/02/11,10,60246,
SHP100948,14,Pontianak,Manado,Delivered,2024-05-25,2024-05-26,6,47351,2024-05-31
SHP100785,3,Manado,Semarang,DELIVERED,2024/03/02,2024-03-04,17,152333,2024/03/04
SHP100811,13,Balikpapan,Denpasar,Delivered,2024-05-20,2024-05-21,10,72664,2024-05-21
SHP100194,7,Jakarta,Makassar,Delivered,2024-02-18,2024/02/23,13,112693,2024-02-27
SHP100953,7,Palembang,Surabaya,Pending,2024-06-25,2024/07/01,1,20536,
SHP100963,10,Pontianak,Jakarta,Pending,2024-06-02,2024/06/06,4,36489,
SHP100503,13,Palembang,Yogyakarta,Delivered,2024-06-04,2024-06-11,11,82743,2024/06/09
SHP100617,1,Bandung,Medan,DELIVERED,2024-05-27,2024/05/29,4,38501,2024/05/29
SHP100927,1,Bandung,Pontianak,DELIVERED,2024-01-19,2024-01-29,13,73907,2024-01-30
SHP100579,14,Manado,Balikpapan,Delivered,2024/06/12,2024/06/21,11,69258,2024/06/21
SHP100160,7,Balikpapan,Pontianak,DELIVERED,2024-01-31,2024-02-07,13,120185,2024-02-06
SHP100680,15,Medan,Makassar,Delivered,2024/01/08,2024-01-14,10,61805,2024-01-18
SHP100991,5,Jakarta,Bandung,Delivered,2024-01-24,2024-02-02,1,23261,2024/02/04
SHP100162,14,Yogyakarta,Semarang,Delivered,2024-02-27,2024-03-02,4,33026,2024/02/29
SHP100705,11,Makassar,Yogyakarta,DELIVERED,2024/01/07,2024-01-10,5,45072,2024-01-15
SHP100783,10,Batam,Semarang,DELIVERED,2024-02-18,2024-02-19,18,143756,2024/02/18
SHP100152,9,Pontianak,Balikpapan,In-Transit,2024/03/20,2024/03/29,1,23881,
SHP100760,3,Makassar,Banjarmasin,DELIVERED,2024/03/03,2024-03-08,7,58250,2024-03-10
SHP100780,7,Makassar,Semarang,Cancelled,2024-05-22,2024/05/24,5,35788,
SHP100842,13,Banjarmasin,Makassar,In Transit,2024-01-04,2024/01/13,15,94917,
SHP100111,9,Surabaya,Pontianak,In Transit,2024/03/17,2024-03-25,11,76416,
SHP100226,14,Medan,Bandung,Cancelled,2024/01/26,2024-01-30,5,37011,
SHP100767,9,Denpasar,Jakarta,Cancelled,2024/01/08,2024-01-15,3,27318,
SHP100103,4,Surabaya,Denpasar,DELIVERED,2024-04-26,2024/04/29,18,112316,2024/05/02
SHP100421,3,Manado,Jakarta,Delivered,2024/02/28,2024-03-06,8,64891,2024-03-06
SHP100419,6,Banjarmasin,Bandung,DELIVERED,2024/03/30,2024/04/01,7,53837,2024-04-05
SHP100836,10,Medan,Pontianak,Cancelled,2024-02-19,2024-02-28,7,51470,
SHP100586,10,Yogyakarta,Makassar,In Transit,2024-04-22,2024-04-25,12,104853,
SHP100926,15,Palembang,Manado,Cancelled,2024-04-26,2024/05/02,10,55853,
SHP100672,1,Palembang,Pontianak,DELIVERED,2024/05/18,2024/05/23,10,74695,2024/05/23
SHP100119,8,Makassar,Padang,Delivered,2024-05-18,2024-05-24,14,125360,2024-05-23
SHP100053,9,Surabaya,Medan,Delivered,2024-06-16,2024-06-21,5,46568,2024/06/26
SHP100151,10,Surabaya,Palembang,In-Transit,2024-02-21,2024/02/25,7,53445,
SHP100403,4,Surabaya,Denpasar,DELIVERED,2024-01-07,2024/01/11,12,87892,2024/01/11
SHP100542,12,Balikpapan,Padang,Delivered,2024/05/06,2024-05-13,15,90079,2024-05-11
SHP100207,4,Surabaya,Pontianak,In-Transit,2024/01/26,2024-02-01,20,164848,
SHP100658,8,Yogyakarta,Batam,In Transit,2024-03-07,2024-03-13,14,75866,
SHP100941,3,Jakarta,Denpasar,Delivered,2024-03-09,2024/03/12,17,147359,2024-03-16
SHP100850,8,Makassar,Banjarmasin,DELIVERED,2024/06/27,2024/07/02,12,66600,2024-07-02
SHP100008,7,Palembang,Jakarta,Delivered,2024-03-15,2024-03-17,14,71422,2024/03/15
SHP100910,8,Batam,Balikpapan,Delivered,2024/05/21,2024/05/30,17,136565,2024-05-29
SHP100036,9,Makassar,Pontianak,Delivered,2024-06-12,2024-06-22,18,119423,2024/06/22
SHP100452,8,Pontianak,Denpasar,DELIVERED,2024-05-10,2024/05/15,17,87485,2024/05/13
SHP100651,8,Pontianak,Jakarta,In-Transit,2024-01-22,2024-01-26,8,61299,
SHP100253,3,Yogyakarta,Bandung,Delivered,2024-02-18,2024-02-24,3,35514,2024-02-24
SHP100303,6,Banjarmasin,Palembang,in transit,2024-04-27,2024/05/03,10,80674,
SHP100832,12,Jakarta,Bandung,DELIVERED,2024-05-14,2024-05-24,17,149727,2024-05-24
SHP100571,3,Medan,Batam,Delivered,2024-04-19,2024/04/21,3,26333,2024-04-24
SHP100623,12,Bandung,Balikpapan,Delivered,2024-04-09,2024/04/15,1,20386,2024/04/20
SHP100986,3,Yogyakarta,Pontianak,Delivered,2024-02-16,2024/02/18,6,48633,2024-02-19
SHP100803,8,Padang,Denpasar,Delivered,2024-06-18,2024-06-28,8,78385,2024-06-26
SHP100793,9,Balikpapan,Manado,In-Transit,2024/05/05,2024-05-13,4,36539,
SHP100262,4,Semarang,Pontianak,in transit,2024-01-13,2024-01-23,6,45861,
SHP100610,6,Pontianak,Makassar,Delivered,2024-01-16,2024-01-24,16,100308,2024/01/24
SHP100297,7,Batam,Manado,Delivered,2024-03-08,2024/03/12,16,117248,2024-03-11
SHP100414,7,Batam,Balikpapan,Delivered,2024-01-10,2024-01-16,19,104545,2024-01-21
SHP100150,7,Jakarta,Pontianak,Delivered,2024-06-25,2024/06/28,6,61274,2024/06/28
SHP100988,7,Medan,Denpasar,DELIVERED,2024-04-21,2024/04/27,2,26189,2024-05-02
SHP100778,10,Balikpapan,Bandung,DELIVERED,2024/06/28,2024-07-02,8,70585,2024-06-30
SHP100640,4,Balikpapan,Denpasar,DELIVERED,2024-02-12,2024-02-20,15,104161,2024-02-21
SHP100989,5,Pontianak,Banjarmasin,Delivered,2024/06/11,2024-06-13,8,59976,2024/06/13
SHP100550,5,Medan,Makassar,in transit,2024-04-18,2024/04/25,14,122828,
SHP100881,5,Jakarta,Manado,DELIVERED,2024/01/31,2024/02/09,13,78720,2024/02/09
SHP100488,1,Banjarmasin,Padang,DELIVERED,2024/06/19,2024-06-29,1,22756,2024-06-28
SHP100710,5,Bandung,Banjarmasin,DELIVERED,2024-04-11,2024-04-20,13,73642,2024-04-20
SHP100147,11,Medan,Palembang,DELIVERED,2024/04/18,2024-04-24,9,62871,2024/04/24
SHP100146,1,Balikpapan,Bandung,Pending,2024-06-04,2024-06-09,15,94045,
SHP100820,1,Yogyakarta,Surabaya,DELIVERED,2024/01/31,2024/02/09,1,23327,2024-02-14
SHP100345,14,Makassar,Medan,DELIVERED,2024/02/23,2024-02-29,19,114973,2024/02/28
SHP100825,4,Yogyakarta,Bandung,Delivered,2024-06-25,2024-06-28,16,138390,2024/06/26
SHP100983,15,Bandung,Balikpapan,DELIVERED,2024-06-15,2024/06/23,7,69767,2024/06/26
SHP100659,12,Manado,Semarang,DELIVERED,2024-04-07,2024/04/13,5,40021,2024-04-11
SHP100770,5,Jakarta,Pontianak,DELIVERED,2024-02-16,2024/02/24,5,41422,2024/02/28
SHP100348,7,Denpasar,Pontianak,In-Transit,2024-06-24,2024-06-29,19,147144,
SHP100463,13,Surabaya,Medan,DELIVERED,2024-06-24,2024/06/25,17,101552,2024-06-29
SHP100325,3,Batam,Jakarta,DELIVERED,2024/06/29,2024-07-09,4,46503,2024-07-09
SHP100186,15,Batam,Balikpapan,DELIVERED,2024-05-18,2024-05-25,11,80156,2024/05/24
SHP100123,12,Denpasar,Palembang,Pending,2024/03/23,2024-03-29,2,22969,
SHP100952,5,Manado,Palembang,In-Transit,2024/04/29,2024/05/05,3,38215,
SHP100608,3,Banjarmasin,Bandung,Cancelled,2024/04/29,2024-05-01,15,95761,
SHP100143,8,Batam,Makassar,Delivered,2024/02/12,2024-02-13,8,51055,2024-02-18
SHP100751,9,Manado,Jakarta,In-Transit,2024-04-29,2024-05-02,7,64897,
SHP100837,10,Surabaya,Balikpapan,DELIVERED,2024/03/16,2024-03-22,1,19919,2024-03-20
SHP100197,13,Balikpapan,Batam,DELIVERED,2024-06-17,2024-06-24,13,91815,2024-06-24
SHP100609,5,Banjarmasin,Surabaya,Delivered,2024/04/16,2024-04-24,19,117628,2024-04-27
SHP100279,1,Batam,Pontianak,DELIVERED,2024-05-25,2024-05-29,1,24691,2024-06-01
SHP100293,10,Jakarta,Batam,DELIVERED,2024-02-22,2024/02/29,10,81031,2024-03-04
SHP100928,9,Manado,Yogyakarta,DELIVERED,2024-06-24,2024/07/01,11,64164,2024-07-05
SHP100400,1,Makassar,Semarang,Pending,2024-02-11,2024-02-15,19,101874,
SHP100122,12,Makassar,Batam,DELIVERED,2024/06/02,2024/06/04,6,37867,2024/06/04
SHP100183,7,Semarang,Makassar,In-Transit,2024-06-20,2024-06-28,5,51885,
SHP100202,7,Pontianak,Denpasar,Cancelled,2024-04-29,2024-05-09,11,81688,
SHP100438,3,Manado,Batam,In Transit,2024/01/08,2024-01-13,17,123572,
SHP100246,6,Banjarmasin,Semarang,Delivered,2024-03-14,2024-03-16,18,133909,2024/03/19
SHP100415,6,Batam,Palembang,DELIVERED,2024/04/30,2024/05/03,14,75710,2024/05/01
SHP100866,1,Makassar,Manado,Delivered,2024-01-30,2024-02-07,19,112841,2024-02-05
SHP100853,9,Palembang,Manado,in transit,2024/05/05,2024/05/07,7,54541,
SHP100859,14,Palembang,Yogyakarta,Delivered,2024-05-02,2024-05-05,13,87652,2024-05-05
SHP100985,6,Manado,Banjarmasin,DELIVERED,2024/03/12,2024/03/20,13,90262,2024/03/21
SHP100987,5,Banjarmasin,Pontianak,in transit,2024/05/29,2024/06/04,18,130063,
SHP100129,13,Banjarmasin,Palembang,Pending,2024-03-02,2024-03-03,3,29657,
SHP100637,5,Yogyakarta,Manado,DELIVERED,2024-06-20,2024/06/24,3,30456,2024/06/22
SHP100402,5,Palembang,Manado,DELIVERED,2024/04/15,2024/04/23,4,29992,2024/04/21
SHP100874,13,Surabaya,Bandung,DELIVERED,2024/01/14,2024/01/15,4,40236,2024-01-15
SHP100543,5,Medan,Palembang,Delivered,2024-04-12,2024-04-13,7,66028,2024-04-12
SHP100735,3,Banjarmasin,Balikpapan,in transit,2024-04-17,2024-04-21,3,39076,
SHP100899,7,Palembang,Yogyakarta,DELIVERED,2024-06-05,2024/06/13,2,28335,2024/06/13
SHP100219,5,Jakarta,Surabaya,Delivered,2024-02-16,2024-02-22,11,84648,2024-02-21
SHP100641,15,Surabaya,Semarang,In Transit,2024-04-29,2024/05/08,4,39863,
SHP100883,3,Denpasar,Batam,Cancelled,2024-04-16,2024-04-21,15,107342,
SHP100898,3,Semarang,Manado,in transit,2024-01-16,2024/01/19,9,64287,
SHP100947,8,Padang,Balikpapan,Cancelled,2024/06/01,2024-06-11,17,95725,
SHP100371,8,Banjarmasin,Batam,DELIVERED,2024-01-03,2024-01-11,14,108731,2024-01-14
SHP100624,10,Semarang,Surabaya,Cancelled,2024/04/17,2024/04/22,10,94519,
SHP100935,13,Yogyakarta,Balikpapan,In-Transit,2024/04/18,2024-04-21,12,84456,
SHP100848,4,Balikpapan,Yogyakarta,Delivered,2024/05/21,2024-05-28,9,68682,2024-05-26
SHP100386,3,Pontianak,Bandung,In Transit,2024/04/03,2024-04-13,17,132555,
SHP100221,12,Surabaya,Balikpapan,DELIVERED,2024-04-28,2024/04/30,18,89778,2024/04/29
SHP100806,2,Jakarta,Batam,DELIVERED,2024/05/01,2024/05/03,15,78258,2024-05-01
SHP100509,13,Balikpapan,Surabaya,in transit,2024-06-21,2024/06/28,19,105832,
SHP100267,4,Medan,Jakarta,Cancelled,2024-02-10,2024-02-12,17,95087,
SHP100912,12,Yogyakarta,Balikpapan,in transit,2024-02-10,2024-02-16,5,42750,
SHP100441,12,Semarang,Yogyakarta,DELIVERED,2024-02-15,2024-02-25,4,45834,2024/02/23
SHP100496,10,Padang,Banjarmasin,Delivered,2024-05-20,2024-05-22,8,60252,2024-05-22
SHP100829,15,Semarang,Makassar,DELIVERED,2024/05/03,2024/05/13,7,68829,2024-05-11
SHP100112,14,Makassar,Manado,Delivered,2024-06-12,2024-06-13,3,28996,2024-06-11
SHP100691,13,Yogyakarta,Manado,DELIVERED,2024-05-24,2024-06-02,11,95622,2024/05/31
SHP100232,9,Pontianak,Makassar,Delivered,2024-03-01,2024-03-06,14,124258,2024/03/07
SHP100968,11,Jakarta,Manado,Delivered,2024/03/05,2024/03/14,12,105467,2024/03/18
SHP100607,10,Surabaya,Padang,DELIVERED,2024-05-18,2024/05/26,10,93187,2024-05-26
SHP100671,1,Batam,Balikpapan,In-Transit,2024-01-05,2024/01/12,16,80078,
SHP100373,8,Banjarmasin,Semarang,Cancelled,2024/01/20,2024-01-27,15,107374,
SHP100826,4,Batam,Banjarmasin,in transit,2024/02/17,2024-02-22,17,119362,
SHP100663,1,Semarang,Medan,DELIVERED,2024/03/24,2024-03-30,8,52351,2024-04-01
SHP100940,2,Yogyakarta,Balikpapan,Pending,2024-02-08,2024/02/09,16,93100,
SHP100233,7,Semarang,Pontianak,DELIVERED,2024/02/12,2024-02-15,13,107020,2024/02/13
SHP100818,6,Jakarta,Balikpapan,DELIVERED,2024/03/05,2024-03-13,19,160379,2024-03-11
SHP100875,15,Makassar,Banjarmasin,Delivered,2024/02/08,2024-02-12,15,115102,2024/02/12
SHP100676,12,Banjarmasin,Semarang,Delivered,2024-06-15,2024/06/21,4,39893,2024-06-19
SHP100317,13,Balikpapan,Jakarta,Cancelled,2024-03-30,2024-04-05,7,54100,
SHP100648,5,Padang,Makassar,Delivered,2024-05-24,2024/06/02,18,126123,2024-06-07
SHP100410,12,Surabaya,Semarang,DELIVERED,2024/02/10,2024-02-16,13,106961,2024-02-20
SHP100998,9,Padang,Semarang,DELIVERED,2024-01-27,2024-01-31,3,37095,2024-01-29
SHP100709,9,Batam,Yogyakarta,Delivered,2024-04-06,2024/04/08,11,96133,2024-04-07
SHP100358,12,Palembang,Denpasar,Delivered,2024-03-11,2024/03/20,10,60078,2024/03/18
SHP100258,11,Makassar,Medan,DELIVERED,2024/05/18,2024/05/20,18,155579,2024-05-19
SHP100744,13,Bandung,Jakarta,DELIVERED,2024/02/15,2024/02/22,14,71669,2024-02-27
SHP100627,7,Bandung,Balikpapan,In-Transit,2024-06-03,2024-06-13,13,94070,
SHP100632,5,Medan,Denpasar,Delivered,2024-04-21,2024/05/01,6,49656,2024/04/29
SHP100282,12,Balikpapan,Surabaya,DELIVERED,2024/06/01,2024-06-08,17,132186,2024/06/06
SHP100376,1,Pontianak,Bandung,DELIVERED,2024/05/19,2024/05/27,1,18911,2024-05-26
SHP100384,14,Banjarmasin,Bandung,Delivered,2024-01-11,2024-01-16,3,37106,2024-01-21
SHP100224,12,Makassar,Balikpapan,DELIVERED,2024-04-23,2024/04/30,15,89177,2024-04-30
SHP100924,11,Denpasar,Balikpapan,Delivered,2024/03/13,2024-03-21,10,67523,2024-03-20
SHP100906,12,Balikpapan,Yogyakarta,DELIVERED,2024/01/21,2024/01/23,16,143940,2024-01-27
SHP100472,6,Manado,Semarang,Delivered,2024/03/21,2024-03-31,4,36934,2024-03-30
SHP100347,3,Manado,Surabaya,DELIVERED,2024/02/22,2024/02/25,12,85216,2024-02-29
SHP100505,10,Balikpapan,Padang,Delivered,2024-03-23,2024/03/27,20,153534,2024-03-25
SHP100639,2,Balikpapan,Jakarta,Delivered,2024/04/13,2024-04-23,15,114553,2024/04/24
SHP100692,10,Jakarta,Manado,DELIVERED,2024-02-25,2024/02/27,7,56983,2024-02-26
SHP100797,1,Makassar,Semarang,DELIVERED,2024-03-16,2024/03/18,11,71040,2024/03/18
SHP100339,12,Makassar,Palembang,Delivered,2024/01/28,2024-01-29,2,24094,2024-01-28
SHP100513,14,Pontianak,Denpasar,Delivered,2024/02/13,2024-02-21,14,78423,2024/02/19
SHP100619,14,Banjarmasin,Yogyakarta,DELIVERED,2024-05-02,2024/05/10,17,86209,2024-05-12
SHP100954,8,Balikpapan,Medan,Delivered,2024-03-18,2024/03/26,13,107049,2024/03/26
SHP100894,1,Jakarta,Medan,Delivered,2024-04-19,2024-04-26,11,71489,2024/04/25
SHP100645,10,Jakarta,Manado,DELIVERED,2024/01/07,2024/01/09,11,65781,2024-01-07
SHP100944,9,Palembang,Batam,Delivered,2024/01/16,2024/01/22,12,65168,2024-01-20
SHP100556,14,Yogyakarta,Medan,In-Transit,2024/01/13,2024-01-20,8,75404,
SHP100681,14,Medan,Jakarta,DELIVERED,2024/03/04,2024-03-09,6,55698,2024/03/07
SHP100577,10,Pontianak,Banjarmasin,Delivered,2024-03-07,2024/03/10,10,59456,2024-03-10
SHP100795,10,Jakarta,Palembang,DELIVERED,2024/01/05,2024-01-15,9,69026,2024-01-17
SHP100085,2,Banjarmasin,Jakarta,Pending,2024-04-07,2024-04-16,13,79456,
SHP100242,13,Yogyakarta,Padang,DELIVERED,2024/01/01,2024-01-05,17,145820,2024/01/04
SHP100698,9,Medan,Denpasar,Delivered,2024-06-04,2024/06/09,2,30983,2024-06-09
SHP100973,9,Bandung,Yogyakarta,Delivered,2024-05-27,2024-06-01,6,40622,2024-05-31
SHP100159,1,Banjarmasin,Pontianak,Cancelled,2024-04-25,2024-05-05,4,37760,
SHP100524,6,Balikpapan,Batam,Cancelled,2024-06-21,2024/06/25,17,86514,
SHP100035,12,Batam,Makassar,DELIVERED,2024/03/10,2024-03-11,4,38468,2024/03/10
SHP100540,6,Makassar,Banjarmasin,Delivered,2024-06-27,2024-07-03,5,41891,2024-07-03
SHP100170,3,Palembang,Denpasar,DELIVERED,2024-02-26,2024/03/02,13,91967,2024/03/02
SHP100654,1,Denpasar,Padang,in transit,2024-02-04,2024-02-13,15,121406,
SHP100990,5,Banjarmasin,Denpasar,DELIVERED,2024-05-05,2024/05/14,11,99275,2024/05/16
SHP100956,6,Yogyakarta,Padang,Delivered,2024-04-13,2024/04/23,13,109718,2024/04/21
SHP100945,2,Surabaya,Palembang,Cancelled,2024/02/12,2024/02/18,19,111626,
SHP100484,11,Padang,Bandung,In-Transit,2024/05/21,2024-05-24,2,24246,
SHP100733,7,Palembang,Balikpapan,DELIVERED,2024-03-28,2024/04/01,20,104485,2024/04/03
SHP100899,7,Palembang,Yogyakarta,DELIVERED,2024-06-05,2024/06/13,2,28335,2024/06/13
SHP100095,13,Manado,Surabaya,Delivered,2024-05-17,2024-05-18,13,76705,2024-05-18
SHP100563,2,Manado,Semarang,Pending,2024-06-19,2024/06/21,5,34324,
SHP100240,9,Semarang,Manado,Delivered,2024-02-12,2024/02/14,12,88120,2024/02/18
SHP100742,9,Denpasar,Batam,DELIVERED,2024-02-09,2024/02/17,20,118167,2024-02-21
SHP100863,1,Surabaya,Batam,DELIVERED,2024-01-14,2024-01-20,14,77283,2024/01/18
SHP100574,7,Palembang,Balikpapan,in transit,2024/02/10,2024-02-16,3,28996,
SHP100690,8,Balikpapan,Palembang,Delivered,2024/01/30,2024-02-02,6,56764,2024-02-02
SHP100460,1,Bandung,Jakarta,DELIVERED,2024-01-01,2024/01/02,20,139322,2024/01/01
SHP100891,14,Palembang,Bandung,Delivered,2024/04/23,2024-04-25,4,36773,2024-04-26
SHP100553,6,Manado,Bandung,Cancelled,2024-06-27,2024-07-04,18,86149,
SHP100857,13,Pontianak,Yogyakarta,DELIVERED,2024-03-13,2024-03-23,2,27177,2024-03-27
SHP100977,5,Bandung,Makassar,Delivered,2024-03-09,2024/03/14,14,81031,2024/03/14
SHP100206,13,Balikpapan,Bandung,Delivered,2024/06/14,2024-06-24,15,132583,2024-06-29
SHP100392,2,Jakarta,Pontianak,In Transit,2024/06/19,2024-06-24,5,49098,
SHP100794,10,Pontianak,Jakarta,DELIVERED,2024/04/24,2024/05/02,2,26482,2024/05/02
SHP100870,10,Banjarmasin,Makassar,Delivered,2024/01/19,2024-01-27,6,45640,2024/01/31
SHP100397,4,Yogyakarta,Denpasar,in transit,2024-06-07,2024/06/09,6,41221,
SHP100766,12,Medan,Denpasar,DELIVERED,2024-03-27,2024-03-30,16,82645,2024/03/30
SHP100946,10,Padang,Jakarta,In-Transit,2024-03-19,2024-03-26,18,148320,
SHP100217,14,Palembang,Jakarta,DELIVERED,2024/02/05,2024/02/06,20,143528,2024/02/09
SHP100004,11,Medan,Batam,Delivered,2024/01/18,2024-01-25,13,115660,2024/01/24
SHP100768,4,Semarang,Denpasar,DELIVERED,2024-05-06,2024-05-08,9,82295,2024-05-12
SHP100642,10,Banjarmasin,Medan,Delivered,2024/02/02,2024/02/05,9,52759,2024-02-03
SHP100997,14,Palembang,Balikpapan,DELIVERED,2024/06/20,2024/06/29,10,83390,2024-06-29
SHP100612,13,Pontianak,Batam,Delivered,2024-04-17,2024-04-22,2,25603,2024-04-21
SHP100738,1,Bandung,Semarang,Delivered,2024-04-20,2024/04/24,1,20422,2024/04/27
SHP100546,5,Balikpapan,Surabaya,In-Transit,2024-06-16,2024-06-24,13,80305,
SHP100725,8,Medan,Makassar,In Transit,2024-03-29,2024-03-30,5,43141,
SHP100319,4,Bandung,Padang,Delivered,2024/03/03,2024/03/06,17,94264,2024/03/06
SHP100683,13,Semarang,Surabaya,DELIVERED,2024-01-06,2024-01-09,14,126436,2024-01-09
SHP100098,10,Medan,Pontianak,DELIVERED,2024/03/28,2024-04-04,2,26795,2024-04-03
SHP100804,10,Semarang,Balikpapan,DELIVERED,2024-05-28,2024/06/06,11,80478,2024/06/04
SHP100727,14,Semarang,Batam,DELIVERED,2024/04/19,2024-04-25,10,72826,2024-04-28
SHP100573,10,Makassar,Surabaya,DELIVERED,2024/04/24,2024-04-29,2,23739,2024-05-02
SHP100406,7,Semarang,Denpasar,Delivered,2024-04-15,2024-04-23,4,38653,2024/04/22
SHP100502,8,Makassar,Semarang,In-Transit,2024/05/28,2024/06/05,16,135374,
SHP100047,15,Bandung,Banjarmasin,Delivered,2024-03-09,2024-03-17,17,144628,2024/03/16
SHP100032,10,Batam,Padang,DELIVERED,2024/02/11,2024-02-19,2,26721,2024/02/23
SHP100929,1,Yogyakarta,Semarang,DELIVERED,2024-02-29,2024/03/05,16,90149,2024-03-05
SHP100779,10,Semarang,Pontianak,Delivered,2024/03/11,2024/03/18,2,29585,2024-03-17
SHP100839,7,Medan,Padang,Delivered,2024-04-02,2024-04-11,17,137590,2024/04/10
SHP100200,5,Denpasar,Bandung,DELIVERED,2024/04/18,2024-04-28,4,41292,2024-04-27
SHP100134,8,Balikpapan,Manado,Delivered,2024-01-22,2024/01/26,20,167719,2024-01-24
SHP100027,2,Banjarmasin,Batam,In-Transit,2024/06/04,2024/06/08,11,64839,
SHP100979,6,Manado,Surabaya,In-Transit,2024-01-11,2024/01/15,16,87646,
SHP100230,7,Palembang,Batam,DELIVERED,2024-01-04,2024-01-13,14,122844,2024-01-13
SHP100489,8,Bandung,Pontianak,in transit,2024-04-07,2024-04-17,17,126576,
SHP100772,5,Denpasar,Makassar,Delivered,2024-02-24,2024-02-25,14,89363,2024-02-28
SHP100378,4,Denpasar,Palembang,DELIVERED,2024-04-04,2024-04-06,15,80679,2024-04-11
SHP100288,3,Balikpapan,Pontianak,DELIVERED,2024/05/29,2024/06/01,10,66421,2024/06/01
SHP100418,6,Medan,Jakarta,In-Transit,2024/04/27,2024/04/29,4,44722,
SHP100674,10,Surabaya,Yogyakarta,Delivered,2024/03/30,2024/04/09,6,46599,2024/04/09
SHP100391,2,Batam,Manado,Delivered,2024/03/04,2024/03/13,6,58820,2024/03/12
SHP100592,6,Semarang,Padang,Delivered,2024-03-22,2024/03/25,2,24033,2024-03-26
SHP100498,10,Medan,Pontianak,Delivered,2024-03-18,2024/03/26,16,114320,2024-03-26
SHP100138,8,Semarang,Balikpapan,In Transit,2024/02/02,2024-02-04,1,20505,
SHP100062,4,Padang,Pontianak,DELIVERED,2024/05/23,2024-05-27,19,95342,2024/05/26
SHP100471,15,Medan,Banjarmasin,DELIVERED,2024-06-08,2024-06-11,15,81781,2024/06/15
SHP100647,8,Yogyakarta,Batam,Pending,2024-05-31,2024-06-02,10,79154,
SHP100128,15,Jakarta,Bandung,DELIVERED,2024-03-19,2024-03-28,3,37278,2024-04-01
SHP100296,4,Padang,Semarang,DELIVERED,2024-03-02,2024/03/08,8,66948,2024/03/08
SHP100520,2,Jakarta,Pontianak,Cancelled,2024/06/07,2024-06-08,20,133263,
SHP100838,3,Surabaya,Denpasar,Pending,2024/02/28,2024-03-01,17,120577,
SHP100879,11,Jakarta,Medan,DELIVERED,2024-01-22,2024-01-31,18,94921,2024-01-31
SHP100064,12,Yogyakarta,Balikpapan,DELIVERED,2024-03-08,2024/03/17,12,63835,2024-03-15
SHP100812,5,Pontianak,Jakarta,Delivered,2024/03/25,2024-03-29,8,65077,2024-03-28
SHP100014,8,Balikpapan,Palembang,DELIVERED,2024-04-26,2024-05-05,12,98767,2024-05-07
SHP100156,8,Batam,Bandung,Delivered,2024-04-05,2024/04/08,16,101563,2024-04-07
SHP100040,15,Manado,Semarang,DELIVERED,2024-06-24,2024/07/03,19,161214,2024-07-08
SHP100492,11,Batam,Surabaya,DELIVERED,2024/06/06,2024/06/09,1,21344,2024/06/09
SHP100379,6,Bandung,Manado,DELIVERED,2024-05-29,2024/06/04,8,51331,2024/06/03
SHP100187,15,Denpasar,Medan,Delivered,2024-02-03,2024-02-11,15,126003,2024-02-10
SHP100763,5,Bandung,Pontianak,DELIVERED,2024/06/05,2024-06-10,10,89543,2024/06/10
SHP100216,13,Batam,Padang,Pending,2024-04-24,2024/05/02,20,135146,
SHP100921,5,Batam,Padang,DELIVERED,2024-02-29,2024/03/03,4,30638,2024/03/02
SHP100791,15,Makassar,Surabaya,In-Transit,2024-05-01,2024/05/09,15,103492,
SHP100052,4,Manado,Medan,In-Transit,2024-02-24,2024-03-04,13,71333,
SHP100878,5,Manado,Makassar,DELIVERED,2024-03-18,2024/03/23,13,85317,2024/03/22
SHP100337,1,Batam,Jakarta,DELIVERED,2024/03/08,2024-03-11,1,19780,2024-03-14
SHP100748,4,Denpasar,Jakarta,DELIVERED,2024-06-06,2024-06-09,10,59186,2024-06-08
SHP100719,1,Banjarmasin,Makassar,Delivered,2024/03/18,2024/03/21,6,52003,2024-03-23
SHP100724,7,Surabaya,Semarang,in transit,2024/01/11,2024/01/19,16,139161,
SHP100295,7,Jakarta,Medan,DELIVERED,2024-03-21,2024-03-22,2,26842,2024-03-27
SHP100701,10,Bandung,Palembang,DELIVERED,2024-02-11,2024-02-17,8,67918,2024-02-21
SHP100251,5,Yogyakarta,Manado,Delivered,2024/05/04,2024/05/06,16,121489,2024-05-06
SHP100726,7,Balikpapan,Batam,Delivered,2024/05/16,2024-05-23,17,92662,2024-05-21
SHP100461,4,Manado,Padang,Delivered,2024-05-13,2024-05-23,3,31092,2024/05/22
SHP100455,14,Pontianak,Denpasar,in transit,2024/05/27,2024/06/03,9,84655,
SHP100270,7,Semarang,Batam,Pending,2024-01-21,2024-01-28,16,117489,
SHP100815,8,Palembang,Surabaya,DELIVERED,2024-04-26,2024/05/04,1,23563,2024-05-03
SHP100862,12,Yogyakarta,Padang,In-Transit,2024-02-17,2024/02/26,11,91602,
SHP100269,14,Semarang,Batam,in transit,2024/05/10,2024/05/15,11,87891,
SHP100995,1,Padang,Bandung,DELIVERED,2024-03-26,2024-03-29,12,71173,2024-03-28
SHP100974,3,Yogyakarta,Makassar,Delivered,2024-05-30,2024/06/07,3,32583,2024/06/06
SHP100201,7,Jakarta,Banjarmasin,Delivered,2024/04/15,2024-04-16,15,110163,2024-04-14
SHP100161,7,Padang,Jakarta,Delivered,2024-03-04,2024-03-14,7,59696,2024/03/13
SHP100555,4,Bandung,Banjarmasin,DELIVERED,2024/04/28,2024-04-30,9,77260,2024/05/04
SHP100729,12,Palembang,Bandung,DELIVERED,2024-04-04,2024-04-12,7,62949,2024/04/12
SHP100401,14,Palembang,Surabaya,Cancelled,2024-02-15,2024/02/22,15,82894,
SHP100702,5,Bandung,Batam,Delivered,2024/03/20,2024-03-28,4,35129,2024/03/27
SHP100476,14,Semarang,Batam,In-Transit,2024/05/09,2024/05/10,19,154087,
SHP100821,15,Palembang,Yogyakarta,Delivered,2024/02/19,2024-02-20,2,29039,2024-02-25
SHP100771,4,Makassar,Denpasar,Delivered,2024-05-04,2024-05-10,13,91388,2024/05/10
SHP100105,15,Manado,Banjarmasin,Delivered,2024-03-08,2024/03/18,6,46627,2024-03-16
SHP100565,10,Manado,Padang,Delivered,2024/05/23,2024-05-25,20,137972,2024-05-27
SHP100389,2,Yogyakarta,Batam,In Transit,2024-02-23,2024-03-01,5,40839,
SHP100001,4,Surabaya,Balikpapan,Delivered,2024/05/27,2024-06-03,20,139058,2024-06-01
SHP100687,7,Yogyakarta,Medan,Pending,2024-02-02,2024/02/11,10,60246,
SHP100209,7,Pontianak,Manado,DELIVERED,2024/04/13,2024/04/17,15,118710,2024-04-20
SHP100561,4,Jakarta,Surabaya,DELIVERED,2024/02/04,2024-02-12,5,42735,2024-02-10
SHP100931,4,Bandung,Makassar,DELIVERED,2024-06-09,2024-06-11,8,72245,2024/06/11
SHP100080,15,Bandung,Jakarta,Pending,2024-06-23,2024-07-02,7,62566,
SHP100205,11,Medan,Yogyakarta,Delivered,2024-06-16,2024-06-20,17,99260,2024-06-18
SHP100034,13,Yogyakarta,Balikpapan,in transit,2024-04-07,2024/04/09,4,42050,
SHP100775,7,Padang,Denpasar,DELIVERED,2024/03/28,2024/04/04,16,118815,2024-04-04
SHP100508,4,Batam,Bandung,DELIVERED,2024/04/23,2024-04-29,2,25269,2024-04-29
SHP100010,3,Padang,Jakarta,In Transit,2024/02/29,2024-03-05,18,109797,
SHP100091,6,Denpasar,Bandung,DELIVERED,2024/01/03,2024-01-13,6,49658,2024-01-11
SHP100897,6,Semarang,Banjarmasin,Delivered,2024/06/07,2024/06/13,17,97820,2024-06-17
SHP100564,12,Padang,Pontianak,in transit,2024-05-15,2024/05/22,18,93304,
SHP100776,13,Yogyakarta,Manado,Delivered,2024-03-12,2024/03/21,13,101870,2024-03-19
SHP100241,4,Semarang,Jakarta,Pending,2024-04-07,2024/04/10,1,22370,
SHP100013,11,Yogyakarta,Banjarmasin,DELIVERED,2024/03/12,2024/03/19,9,82163,2024-03-18
SHP100315,11,Makassar,Surabaya,in transit,2024-03-08,2024/03/09,3,38733,
SHP100600,15,Jakarta,Bandung,Delivered,2024/02/09,2024/02/19,6,42735,2024/02/18
SHP100387,9,Semarang,Banjarmasin,DELIVERED,2024/01/11,2024-01-20,20,143614,2024-01-18
SHP100166,12,Pontianak,Padang,Cancelled,2024-05-30,2024/06/03,11,90828,
SHP100840,14,Manado,Makassar,Pending,2024/02/15,2024/02/24,11,72765,
SHP100020,6,Manado,Makassar,DELIVERED,2024/02/23,2024-02-27,17,109411,2024-02-26
SHP100646,1,Yogyakarta,Makassar,Delivered,2024/04/10,2024-04-16,9,54126,2024/04/14
SHP100831,13,Palembang,Bandung,Delivered,2024/05/30,2024-06-03,5,41092,2024-06-02
SHP100562,13,Manado,Balikpapan,Delivered,2024/04/28,2024/05/04,9,72606,2024/05/02
SHP100277,1,Denpasar,Banjarmasin,Delivered,2024-04-13,2024/04/15,4,46614,2024/04/19
SHP100686,3,Batam,Balikpapan,DELIVERED,2024-03-02,2024-03-07,14,94913,2024-03-05
SHP100957,1,Padang,Balikpapan,DELIVERED,2024-03-10,2024-03-13,4,38050,2024/03/12
SHP100189,10,Makassar,Batam,Delivered,2024/05/27,2024/05/31,17,149520,2024/05/31
SHP100975,15,Surabaya,Jakarta,Delivered,2024-01-06,2024/01/10,15,104801,2024-01-10
SHP100699,7,Pontianak,Yogyakarta,DELIVERED,2024-06-04,2024-06-07,11,75432,2024-06-05
SHP100510,4,Denpasar,Semarang,DELIVERED,2024/02/24,2024/02/26,5,53705,2024-02-25
SHP100474,3,Balikpapan,Semarang,DELIVERED,2024-02-01,2024/02/03,18,105774,2024-02-01
SHP100856,3,Denpasar,Makassar,Delivered,2024-05-26,2024-05-28,19,138953,2024-05-28
SHP100747,1,Yogyakarta,Palembang,DELIVERED,2024-03-10,2024-03-17,14,78492,2024-03-22
SHP100252,1,Denpasar,Bandung,Delivered,2024-02-09,2024-02-17,4,38805,2024-02-15
SHP100021,5,Bandung,Denpasar,Cancelled,2024-06-20,2024-06-29,18,116438,
SHP100459,12,Pontianak,Palembang,DELIVERED,2024-04-21,2024/04/30,20,138010,2024/05/03
SHP100276,8,Banjarmasin,Bandung,in transit,2024/03/01,2024-03-09,8,63336,
SHP100955,1,Yogyakarta,Padang,DELIVERED,2024-06-28,2024/06/30,14,85283,2024/07/01
SHP100385,9,Surabaya,Banjarmasin,Delivered,2024-03-19,2024-03-29,2,30104,2024-03-28
SHP100805,9,Manado,Yogyakarta,Pending,2024/04/04,2024-04-11,9,52497,
SHP100343,7,Bandung,Banjarmasin,Delivered,2024-03-13,2024/03/17,5,51106,2024-03-16
SHP100769,11,Bandung,Denpasar,DELIVERED,2024-03-24,2024-03-28,15,100978,2024-03-26
SHP100130,1,Balikpapan,Padang,DELIVERED,2024-01-15,2024-01-25,15,97548,2024-01-29
SHP100871,12,Semarang,Pontianak,In-Transit,2024/05/27,2024/05/28,12,72084,
SHP100087,4,Manado,Medan,DELIVERED,2024/04/29,2024-05-07,2,27827,2024-05-10
SHP100330,4,Manado,Batam,DELIVERED,2024-01-03,2024/01/13,20,145093,2024/01/14
SHP100466,1,Medan,Manado,Delivered,2024-04-03,2024/04/08,15,130066,2024-04-08
SHP100121,9,Jakarta,Denpasar,DELIVERED,2024/01/01,2024/01/08,5,36598,2024/01/08
SHP100299,8,Balikpapan,Surabaya,Pending,2024/02/03,2024-02-11,3,32475,
SHP100860,9,Balikpapan,Batam,Delivered,2024-04-22,2024-04-23,15,103681,2024-04-27